g,gate_q,DIT_interaction_delta,RPT_spectral_gain_rho,workspace_x1,workspace_x2,GNWT_global_access_G,GNWT_high_access
0.0,0.0066928509242848554,0.10265393097787642,0.20039237896114995,0.44786755009692863,0.07907095786263398,0.041227140509816726,0
0.0025,0.006861118770482804,0.10277471775349131,0.20289581716461486,0.44807505852961466,0.07915486983078077,0.04126744451230921,0
0.005,0.007033587154995161,0.10289850666519293,0.2054300925618517,0.4482881791279324,0.07924104362790281,0.04130887671859697,0
0.0075,0.007210359413019046,0.10302537088461702,0.20799556840979636,0.4485070734581586,0.07932954399837408,0.04135147167565856,0
0.01,0.007391541344281971,0.10315538529253596,0.2105926116123066,0.4487319082653228,0.07942043774506632,0.04139526514996234,0
0.0125,0.007577241267860811,0.10328862651492063,0.2132215927319859,0.4489628556676067,0.07951379380597584,0.04144029417927973,0
0.015,0.007767570078015005,0.1034251729595593,0.2158828860009288,0.4492000933595538,0.07960968333430687,0.04148659712717132,0
0.0175,0.007962641301041708,0.10356510485322509,0.2185768693303348,0.44944380482456603,0.0797081797822009,0.041534213740309994,0
0.02,0.008162571153159897,0.10370850427939157,0.22130392431893156,0.4496941795572002,0.07980935898831211,0.04158318520881652,0
0.0225,0.0083674785994296,0.10385545521648873,0.22406443626014727,0.4499514132958034,0.07991329926944253,0.04163355422979529,0
0.025,0.008577485413711984,0.1040060435766946,0.22685879414797194,0.45021570826606744,0.08002008151646516,0.041685365074272195,0
0.0275,0.008792716239674923,0.10416035724525227,0.22968739068144237,0.4504872734361162,0.08012978929477715,0.041738663657750606,0
0.03,0.00901329865284783,0.104318486120308,0.23255062226768386,0.45076632478378226,0.08024250894954217,0.04179349761461763,0
0.0325,0.009239363223728833,0.10448052215325518,0.23544888902344177,0.4510530855767711,0.08035832971599847,0.04184991637665024,0
0.035,0.009471043581946115,0.10464655938957776,0.2383825947750311,0.4513477866664618,0.08047734383512734,0.041907971255888764,0
0.0375,0.009708476481474066,0.1048166940101761,0.24135214705662844,0.45165066679613586,0.08059964667499718,0.04196771553216647,0
0.04,0.009951801866904317,0.10499102437316463,0.2443579571068352,0.4519619729244913,0.08072533685812107,0.04202920454560501,0
0.0425,0.010201162940769636,0.1051696510561235,0.24740043986342833,0.45228196056541276,0.08085451639518827,0.04209249579441969,0
0.045,0.010456706231918071,0.10535267689878633,0.25048001395622055,0.4526108941445886,0.0809872908255501,0.042157649038338976,0
0.0475,0.010718581664932983,0.10554020704614717,0.2535971016979451,0.45294904737494696,0.0811237693648906,0.04222472640816063,0
0.05,0.01098694263059318,0.10573234899196302,0.2567521290730791,0.45329670365080466,0.08126406506049759,0.042293792521687204,0
0.0525,0.011261946057365696,0.10592921262262964,0.2599455257245144,0.4536541564628522,0.08140829495464112,0.042364914606629014,0
0.055,0.011543752483922289,0.10613091026140639,0.2631777249379851,0.4540217098348393,0.08155658025654282,0.042438162630900986,0
0.0575,0.011832526132668766,0.10633755671296138,0.2664491636241566,0.4543996787834463,0.08170904652349997,0.0425136094408604,0
0.06,0.012128434984274237,0.1065492693082076,0.26976028229827576,0.4547883898027917,0.08186582385174812,0.04259133090805396,0
0.0625,0.01243165085318582,0.10676616794939861,0.27311152505728303,0.4551881813751652,0.0820270470776962,0.04267140608509498,0
0.065,0.012742349464111609,0.10698837515544732,0.27650333955428036,0.45559940450968595,0.08219285599021682,0.042753917371342806,0
0.0675,0.013060710529452992,0.10721601610743267,0.2799361769702479,0.4560224233107184,0.08236339555472555,0.042838950689114266,0
0.07,0.013386917827664779,0.10744921869425136,0.28341049198289864,0.4564576155780142,0.08253881614984193,0.0429265956712183,0
0.0725,0.013721159282518911,0.10768811355837346,0.2869267427325544,0.4569053734407031,0.08271927381748626,0.043016945860675504,0
0.075,0.014063627043245475,0.10793283414165375,0.2904853907849289,0.45736610402742156,0.08290493052733429,0.043110098923557896,0
0.0775,0.014414517565521149,0.10818351673115009,0.29408690109069274,0.45784023017504377,0.08309595445662706,0.043206156875968744,0
0.08,0.014774031693273055,0.10844030050489525,0.2977317419416988,0.45832819117875,0.08329252028641507,0.04330522632628295,0
0.0825,0.01514237474126237,0.10870332757756448,0.30142038492373774,0.45883044358591696,0.08349480951539387,0.043407418733801065,0
0.085,0.0155197565784089,0.10897274304597879,0.3051533048656911,0.45934746203788246,0.08370301079261974,0.04351285068527953,0
0.08750000000000001,0.015906391711814714,0.10924869503437992,0.30893097978494855,0.45987974016171634,0.08391732027043501,0.043621644190596644,0
0.09,0.01630249937144093,0.10953133473940577,0.3127538908289481,0.46042779151660035,0.08413794197913767,0.043733926999280893,0
0.0925,0.01670830359538827,0.10982081647469519,0.3166225222126967,0.4609921505983101,0.08436508822496773,0.04384983293955882,0
0.095,0.017124033315727722,0.11011729771504283,0.3205373611521227,0.46157337390622705,0.08459898001319169,0.04396950228184325,0
0.0975,0.017549922444824388,0.11042093914002235,0.32449889779311475,0.46217204107749893,0.08483984749818652,0.04409308212873596,0
0.1,0.01798620996209156,0.11073190467698854,0.32850762513608317,0.46278875609340403,0.08508793046260435,0.04422072683382963,0
0.10250000000000001,0.018433140001109842,0.11105036154336775,0.33256403895589653,0.46342414856341835,0.08534347882788781,0.044352598451820886,0
0.105,0.01889096193703905,0.11137648028813582,0.3366686377170203,0.4640788750929648,0.08560675319861068,0.04448886722269889,0
0.1075,0.019359930474247593,0.1117104348323816,0.3408219224837005,0.46475362074136223,0.08587802544334963,0.044629712093054844,0
0.11,0.019840305734077503,0.11205240250884305,0.3450243968250144,0.465449100577156,0.08615757931504794,0.044775321277884715,0
0.1125,0.020332353342658753,0.11240256410030444,0.34927656671462015,0.46616606133815824,0.08644571111409471,0.04492589286652946,0
0.115,0.020836344518680425,0.11276110387672653,0.3535789404250238,0.4669052832057009,0.08674273039770872,0.04508163547701573,0
0.11750000000000001,0.021352556161020567,0.11312820963098444,0.3579320284161832,0.4676675817010094,0.08704896073945823,0.04524276896312807,0
0.12,0.021881270936130476,0.11350407271307647,0.36233634321826297,0.46845380971493,0.08736474054327249,0.045409525179421886,0
0.1225,0.022422777365062697,0.11388888806265826,0.36679239930835017,0.4692648596815729,0.08769042391658248,0.045582148809674386,0
0.125,0.022977369910025615,0.11428285423975457,0.3713007129809391,0.47010166590826885,0.08802638160781562,0.04576089826502311,0
0.1275,0.023545349060340417,0.11468617345348894,0.37586180221198656,0.4709652070751806,0.08837300201394208,0.045946046658695824,0
0.13,0.024127021417669196,0.11509905158866304,0.3804761865163379,0.47185650891930414,0.08873069226438267,0.046137882865041356,0
0.1325,0.02472269978037562,0.11552169823001576,0.38514438679831975,0.47277664711913847,0.0890998793882521,0.04633671267147325,0
0.135,0.02533270322687173,0.11595432668397296,0.3898669251952907,0.47372675039748857,0.08948101157263674,0.04654286003287714,0
0.1375,0.02595735719779685,0.11639715399770154,0.3946443249139421,0.4747080038630448,0.08987455952050118,0.046756668439396146,0
0.14,0.026596993576865863,0.11685040097526309,0.39947711005913117,0.47572165261123855,0.09028101791764062,0.04697850240945352,0
0.14250000000000002,0.027251950770216082,0.11731429219065845,0.40436580545503165,0.47676900560946234,0.09070090701931495,0.04720874912173332,0
0.145,0.027922573784073024,0.11778905599754383,0.4093109364583826,0.47785143989271917,0.09113477436822122,0.047447820201254924,0
0.1475,0.02860921430054609,0.1182749245353881,0.41431302876361076,0.4789704050994422,0.09158319665693805,0.04769615367674707,0
0.15,0.02931223075135632,0.11877213373183224,0.4193726081996032,0.4801274283801731,0.09204678174942937,0.04795421612867608,0
0.1525,0.03003198838928815,0.11928092330100024,0.42449020051790226,0.48132411971558803,0.09252617087794321,0.04822250504983584,0
0.155,0.030768859357148022,0.11980153673750213,0.4296663311720947,0.4825621776839222,0.09302204103357173,0.0485015514432164,0
0.1575,0.03152322275400133,0.12033422130585833,0.4349015250881606,0.48384339572387713,0.0935351075710146,0.0487919226854346,0
0.16,0.03229546469845053,0.12087922802506143,0.44019630642555735,0.4851696689421932,0.09406612705057556,0.04909422568750762,0
0.1625,0.033085978388704126,0.12143681164798412,0.4455511983287945,0.48654300152277263,0.09461590034330271,0.0494091103894724,0
0.165,0.03389516415917816,0.1220072306353289,0.4509667226692774,0.48796551480001976,0.09518527602854177,0.04973727363035579,0
0.1675,0.03472342953335755,0.12259074712380211,0.45644339977717424,0.48943945606684086,0.09577515411690933,0.05007946344098159,0
0.17,0.03557118927263618,0.12318762688818805,0.46198174816308174,0.4909672081958267,0.0963864901360272,0.05043648381393755,0
0.17250000000000001,0.036438865420840176,0.12379813929698144,0.46758228422924775,0.4925513001630984,0.0970202996213985,0.0508092000132959,0
0.17500000000000002,0.03732688734412948,0.12442255726123028,0.47324552197012587,0.4941944185734441,0.09767766306050975,0.051198544495766475,0
0.1775,0.038235691765958146,0.12506115717622543,0.4789719726620221,0.4958994202994542,0.0983597313448554,0.05160552352621395,0
0.18,0.039165722796764356,0.1257142188556651,0.4847621445416155,0.49766934636092724,0.09906773179231851,0.05203122458326877,0
0.1825,0.04011743195804566,0.12638202545790897,0.4906165424731151,0.49950743718727664,0.09980297481118054,0.0524768246659571,0
0.185,0.041091278200465015,0.12706486340392306,0.496535667603839,0.5014171494234122,0.10056686128729007,0.0529435996300051,0
0.1875,0.042087727915618836,0.127763022286514,0.5025200170079924,0.5034021744629628,0.10136089078816098,0.05343293470402827,0
0.19,0.043107254941086116,0.1284767947704278,0.5085700833184319,0.5054664589132288,0.1021866706913877,0.0539463363601511,0
0.1925,0.04415034055836462,0.12920647648288916,0.5146863543462055,0.5076142272272144,0.10304592636147814,0.05448544574397558,0
0.195,0.045217473483287494,0.12995236589414036,0.5208693126876692,0.5098500067669737,0.10394051251809948,0.05505205390372046,0
0.1975,0.046309149848500375,0.13071476418753222,0.5271194353189819,0.5121786556002773,0.10487242596131625,0.0556481191009686,0
0.2,0.04742587317756678,0.1314939751187096,0.5334371931777917,0.5146053933712076,0.10584381984571459,0.05627578653562439,0
0.2025,0.04856815435025613,0.13229030486342438,0.5398230507319383,0.5171358356331069,0.10685701972630955,0.05693741087861981,0
0.20500000000000002,0.04973651155855673,0.1331040618535043,0.5462774655349975,0.5197760320832138,0.10791454163574596,0.057635582078621,0
0.20750000000000002,0.05093147025294354,0.1339355566004968,0.5528008877685177,0.5225325091994166,0.1090191124957088,0.05837315499742729,0
0.21,0.05215356307841772,0.134785101506501,0.5593937597707953,0.5254123178422165,0.11017369321613758,0.05915328353443441,0
0.2125,0.05340332979982423,0.1356530106616993,0.5660565155520652,0.5284230864608561,0.11138150489664891,0.05997946002997554,0
0.215,0.054681317215940724,0.136539599628092,0.5727895802959795,0.5315730806223191,0.1126460586159663,0.06085556089371744,0
0.2175,0.05598807906182168,0.13744518520894308,0.5795933698472836,0.5348712696673041,0.1139711893799234,0.06178589959443641,0
0.22,0.05732417589886873,0.13837008520343683,0.5864682901855925,0.5383274013882052,0.11536109489855821,0.06277528837935416,0
0.2225,0.058690174992091206,0.1393146181460538,0.5934147368852135,0.5419520857172321,0.1168203799816264,0.06382911037443569,0
0.225,0.060086650174007626,0.14027910303017296,0.6004330945609558,0.5457568884948871,0.11835410748052744,0.06495340406117146,0
0.2275,0.061514181694634455,0.14126385901541358,0.6075237362999134,0.5497544364603222,0.11996785686813505,0.06615496254641179,0
0.23,0.06297335605699649,0.14226920511824034,0.6146870230792081,0.5539585346429752,0.1216677917380381,0.06744145055424339,0
0.2325,0.06446476583758969,0.14329545988535938,0.6219233031697221,0.5583842973075908,0.12346073772216594,0.06882154268913412,0
0.23500000000000001,0.06598900949121876,0.14434294104945264,0.6292329115258615,0.5630482934906295,0.1253542725739075,0.07030508727159727,0
0.23750000000000002,0.06754669113962913,0.14541196516680885,0.6366161691614303,0.5679687078777568,0.12735683043503815,0.07190330094397288,0
0.24,0.06913842034334682,0.14650284723642723,0.6440733825117142,0.5731655172459655,0.12947782259451718,0.0736290003070284,0
0.2425,0.07076481185614078,0.1476159003001972,0.6516048427819154,0.5786606817615023,0.131727777330301,0.07549687807456393,0
0.245,0.07242648536151773,0.14875143502377705,0.6592108252820992,0.5844783489073142,0.1341185016687354,0.0775238326112099,0
0.2475,0.07412406519066317,0.14990975925782643,0.6668915887488603,0.5906450653765063,0.13666326802672787,0.07972936117514562,0
0.25,0.07585818002124355,0.15109117757928134,0.6746473746539456,0.5971899884814671,0.13937702860798176,0.08213602857783667,0
0.2525,0.07762946255648838,0.15229599081239495,0.6824784065001106,0.6041450828275078,0.14227665990997831,0.08477002399289785,0
0.255,0.07943854918397836,0.153524495529314,0.6903848891045271,0.6115452792601509,0.14538123845175577,0.08766181873772691,0
0.2575,0.08128607961357302,0.15477698353,0.6983670078701013,0.6194285601431546,0.1487123463586537,0.0908469360268194,0
0.26,0.08317269649392238,0.15605374130136648,0.7064249280451067,0.6278359161739472,0.1522944009773708,0.09436683826958178,0
0.2625,0.08509904500702024,0.15735504945554776,0.7145587939715817,0.6368110931555941,0.15615499511037068,0.0982699256947145,0
0.265,0.08706577244027129,0.1586811821472883,0.722768728322987,0.646400010306209,0.16032522215342304,0.10261261757687519,0
0.2675,0.08907352773556326,0.16003240647050207,0.7310548313316722,0.656649683494823,0.1648399413150326,0.10746044765785816,0
0.27,0.09112296101485616,0.16140898183412808,0.7394171800067516,0.6676064287122563,0.16973790988237847,0.11288903969932547,0
0.2725,0.0932147230818236,0.1628111593174882,0.7478558273430391,0.6793130613015123,0.17506167052082375,0.11898472732294378,0
0.275,0.09534946489910949,0.16423918100543541,0.7563708015217516,0.6918047666405864,0.18085703299763808,0.12584443684667285,0
0.2775,0.09752783704079257,0.16569327930367836,0.7649621051037465,0.7051033426556109,0.18717193965183787,0.13357426785796173,0
0.28,0.09975048911968518,0.16717367623476206,0.773629714216117,0.7192096794542734,0.1940544741141159,0.14228602131668402,0
0.28250000000000003,0.10201806918913042,0.16868058271529116,0.7823735777330306,0.7340947475699575,0.20154980527094024,0.1520908377879727,0
0.28500000000000003,0.10433122311900135,0.17021419781509214,0.7911936164517558,0.7496900951265131,0.20969601449770292,0.16308930105974706,0
0.28750000000000003,0.10669059394565122,0.17177470799913216,0.8000897222648891,0.7658798551847843,0.21851908874478704,0.17535806942867774,0
0.29,0.10909682119561293,0.17336228635313086,0.8090617573298577,0.7824971953585891,0.22802785928534172,0.18893445083274318,0
0.2925,0.11155054018289638,0.17497709179393814,0.8181095532368378,0.7993283067346385,0.23821015525890762,0.20380207862609873,0
0.295,0.11405238127979084,0.17661926826588023,0.8272329101762967,0.816125679533494,0.24903158788535518,0.21988209998029662,0
0.2975,0.11660296916113934,0.17828894392442815,0.8364315961074379,0.8326294833650716,0.2604378728030129,0.237033867438057,0
0.3,0.11920292202211755,0.17998623030868008,0.845705345928891,0.8485925728749515,0.27236047844124583,0.2550664968020124,0
0.3025,0.12185285076961805,0.1817112215043097,0.8550538606530633,0.8638029577954882,0.2847242007768722,0.2737588476714782,0
0.305,0.12455335818741639,0.18346399329878868,0.8644768065856355,0.8780986704768329,0.2974547025176064,0.29288263867892333,0
0.3075,0.1273050380753717,0.1852446023308507,0.8739738145117565,0.8913730850013247,0.310484385310474,0.3122230791452487,0
0.31,0.13010847436299786,0.18705308523633166,0.8835444788905576,0.9035719398285111,0.3237558490480955,0.3315933395232757,0
0.3125,0.13296424019782926,0.18888945779268948,0.8931883570596829,0.9146850897957085,0.3372230605421301,0.35084187698660957,0
0.315,0.13587289700909427,0.1907537140646732,0.9029049684515894,0.9247361476657815,0.35085084801926997,0.3698536774203361,0
0.3175,0.13883499354730713,0.19264582555378681,0.9126937938234503,0.9337723341724028,0.3646134366508622,0.38854736789476974,0
0.32,0.14185106490048782,0.19456574035435611,0.9225542745025503,0.9418557994075608,0.37849260415411434,0.40687013154155266,0
0.3225,0.14492163148782286,0.19651338231918422,0.9324858116491302,0.9490568454220788,0.39247583021975024,0.42479188983037186,0
0.325,0.14804719803168948,0.19848865023794113,0.9424877655387028,0.9554489813061614,0.4065546347535339,0.44229967141703463,0
0.3275,0.1512282525090742,0.20049141703159687,0.9525594548659129,0.9611055168163892,0.42072317818260246,0.4593926421041864,0
0.33,0.15446526508353475,0.20252152896636574,0.9627001560720807,0.9660973452582504,0.43497712783388165,0.4760779718785856,0
0.3325,0.15775868701896995,0.20457880489077515,0.9729091026986126,0.9704915954504906,0.4493127619799519,0.49236754246308034,0
0.335,0.16110894957658525,0.20666303549961815,0.9831854847685209,0.9743508926010693,0.46372627263598415,0.5082754143997598,0
0.3375,0.16451646289656321,0.20877398262866984,0.9935284481983289,0.977733031014673,0.47821322893807827,0.5238159419210675,0
0.34,0.16798161486607557,0.21091137858417638,1.0039370942426888,0.9806909160757128,0.49276816848291727,0.539002422039564,0
0.3425,0.1715047699754009,0.21307492551121762,1.0144104789740715,0.9832726757580921,0.507384290860884,0.5538461757880826,0
0.34500000000000003,0.17508626816403985,0.21526429480513684,1.0249476127999124,0.9855218736794177,0.522053234102609,0.5683559754803669,0
0.34750000000000003,0.1787264236588505,0.21747912657029664,1.035547460019628,0.987477778430527,0.5367649202085621,0.5825377476434561,0
0.35000000000000003,0.1824255238063564,0.21971902913046756,1.0462089384239357,0.9891756597239723,0.551507460177082,0.5963944948601981,0
0.3525,0.18618382790150853,0.221983578595182,1.0569309189389111,0.9906470926819008,0.566267112049858,0.6099263905260889,0
0.355,0.19000156601531293,0.22427231848638438,1.0677122253172329,0.9919202587883963,0.5810282876015663,0.6231310085662677,0
0.3575,0.19387893782385981,0.22658475942968323,1.0785516338790457,0.9930202367525749,0.5957736045754766,0.6360036559068516,0
0.36,0.19781611144141822,0.22892037891445835,1.0894478733048725,0.9939692795539683,0.6104839819741761,0.6485377795129821,0
0.3625,0.20181322226037884,0.23127862112698747,1.1003996244829755,0.9947870758258732,0.6251387759968774,0.6607254226566477,0
0.365,0.20587037180094733,0.2336588968606473,1.1114055204135365,0.9954909948638043,0.6397159539084358,0.6725577072762501,0
0.3675,0.2099876265736025,0.23606058350708645,1.1224641461719902,0.9960963151928098,0.6541923025482662,0.6840253212574541,0
0.37,0.2141650169574414,0.2384830251320936,1.1335740389337823,0.9966164369731647,0.668543667454085,0.695118991519117,0
0.3725,0.21840253609763446,0.2409255326396584,1.1447336880627768,0.9970630786917216,0.6827452177832358,0.7058299261245014,0
0.375,0.22270013882530884,0.24338738402747037,1.1559415352654532,0.9974464586581413,0.6967717314546729,0.7161502113434846,0
0.3775,0.22705774060326145,0.24586782473681476,1.1671959748129568,0.9977754618521789,0.7105978942815455,0.7260731526464026,0
0.38,0.23147521650098238,0.24836606809948955,1.1784953538329688,0.9980577926814951,0.7241986063811253,0.7355935519170925,0
0.3825,0.235952400202534,0.2508812958840091,1.189837972673256,0.9983001142243823,0.7375492888769876,0.7447079165730767,0
0.385,0.24048908305088898,0.2534126589429643,1.2012220853386495,0.998508174555118,0.7506261838767607,0.7534145995936841,0
0.3875,0.24508501313237172,0.25595927796296924,1.2126459000030596,0.998686920781245,0.7634066409257307,0.7617138724993529,0
0.39,0.24973989440488245,0.2585202443181638,1.2241075795980085,0.9988406014585705,0.7758693835934849,0.769607935939565,0
0.3925,0.2544533858735974,0.26109462102774694,1.2356052424789985,0.9989728580865471,0.7879947505272947,0.7771008746194096,0
0.395,0.25922510081784605,0.2636814438174875,1.2471369631708764,0.9990868064189995,0.7997649061665201,0.7841985647611984,0
0.3975,0.2640546060728515,0.26627972228460994,1.25870077319318,0.9991851083488966,0.8111640173137052,0.7909085431473138,0
0.4,0.26894142136999516,0.26888844116488875,1.2702946619662585,0.9992700351385254,0.8221783928531244,0.7972398470614435,0
0.4025,0.2738850187392209,0.2715065617001813,1.281916577798776,0.9993435227663829,0.8327965850434521,0.8032028342101951,1
0.405,0.278884821977137,0.2741330231040434,1.2935644289569894,0.9994072201495431,0.843009451940378,0.8088089910659108,1
0.40750000000000003,0.2839402061842902,0.2767667441224442,1.3052360848159774,0.9994625309759584,0.8528101815800861,0.8140707371336268,1
0.41000000000000003,0.2890504973749961,0.27940662468598754,1.3169293770927797,0.9995106498469302,0.8621942795366763,0.8190012315213095,1
0.41250000000000003,0.29421497216298886,0.28205154764943163,1.3286421011611567,0.9995525933878506,0.8711595223233903,0.823614186983372,1
0.41500000000000004,0.2994328575260271,0.2847003806136863,1.3403720174474558,0.999589226937615,0.8797058798158538,0.8279236953985036,1
0.4175,0.3047033306524346,0.2873519778248703,1.3521168529068068,0.9996212873760194,0.8878354104216165,0.831944067500783,1
0.42,0.31002551887238755,0.2900051821444367,1.363874302578623,0.9996494025959666,0.8955521330981384,0.8356896886544266,1
0.4225,0.31539849967656924,0.2926588270838101,1.3756420312201192,0.999674108075137,0.9028618805348787,0.8391748915765527,1
0.425,0.320821300824607,0.2953117388964661,1.3874176750163023,0.9996958609512853,0.9097721378736338,0.842413846181388,1
0.4275,0.32629290054547855,0.29796273871988377,1.3991988433646132,0.9997150519574775,0.9162918712606354,0.8454204661437819,1
0.43,0.3318122278318339,0.3006106447593587,1.4109831207321382,0.9997320155291239,0.9224313503239455,0.8482083313505099,1
0.4325,0.33737816282991745,0.3032542745052631,1.4227680685830366,0.99974703835395,0.928201968372384,0.8507906251093157,1
0.435,0.34298953732650117,0.3058924469749875,1.4345512273735668,0.9997603665993026,0.9336160637412165,0.8531800847993477,1
0.4375,0.34864513533394575,0.30852398497050826,1.4463301186118176,0.9997722120183777,0.938686745287661,0.8553889645524861,1
0.44,0.35434369377420455,0.31114771734228797,1.4581022469790064,0.9997827571079905,0.9434277245884337,0.8574290085338598,1
0.4425,0.36008390326226586,0.3137624812500538,1.4698651025089327,0.999792159465102,0.9478531569303975,0.8593114334230825,1
0.445,0.36586440898919936,0.316367124410888,1.4816161628219355,0.9998005554672745,0.9519774927318903,0.8610469187701353,1
0.4475,0.3716838117046338,0.3189605073250411,1.4933528954094553,0.9998080633831542,0.9558153405993816,0.8626456039976013,1
0.45,0.3775406687981454,0.32154150546990967,1.5050727599650697,0.9998147860027268,0.9593813428227407,0.8641170909335061,1
0.4525,0.3834334954786807,0.32410901145273086,1.5167732107576546,0.9998208128631004,0.9626900637500797,0.8654704508778167,1
0.455,0.389360766050778,0.3266619371127276,1.5284516990420953,0.9998262221336683,0.9657558911646533,0.8667142353243877,1
0.4575,0.39532091528599067,0.32919921556368636,1.5401056755028026,0.9998310822144074,0.9685929505139652,0.8678564895743686,1
0.46,0.401312339887548,0.3317198031682679,1.5517325927250765,0.9998354530925276,0.9712150316152763,0.8689047685838037,1
0.4625,0.4073334000459303,0.3342226814357364,1.563329907689219,0.9998393874954797,0.9736355272806771,0.8698661544856338,1
0.465,0.41338242108267,0.3367068588352399,1.5748950842821308,0.9998429318722656,0.9758673831660718,0.8707472753137109,1
0.4675,0.4194576951793405,0.33917137251727414,1.586425595821009,0.9998461272298835,0.9779230580481406,0.8715543245336,1
0.47000000000000003,0.4255574831883411,0.3416152899365311,1.597918927583639,0.9998490098474575,0.979814493667457,0.8722930810521998,1
0.47250000000000003,0.4316800165217519,0.34403771036992803,1.6093725793396976,0.9998516118870006,0.9815530932398936,0.8729689294362153,1
0.47500000000000003,0.437823499114202,0.34643776632427203,1.6207840678774,0.9998539619167403,0.9831497077277762,0.8735868801190797,1
0.47750000000000004,0.44398610945538014,0.3488146248286964,1.6321509295197798,0.9998560853604017,0.984614628972324,0.8741515894178766,1
0.48,0.45016600268752205,0.3511674886077182,1.6434707226248761,0.9998580048837213,0.9859575888160373,0.8746673792173143,1
0.4825,0.4563613127629211,0.35349559713150713,1.6547410300640781,0.9998597407276794,0.987187763383338,0.8751382562073802,1
0.485,0.46257015465625034,0.3557982275407071,1.665959461672913,0.9998613109964423,0.988313781737268,0.8755679305861545,1
0.4875,0.4687906266262437,0.3580746954439097,1.6771236566686019,0.9998627319067596,0.989343738185916,0.8759598341598867,1
0.49,0.47502081252106,0.36032435558664455,1.6882312860287716,0.9998640180044921,0.9902852075721593,0.876317137789614,1
0.4925,0.4812587841214648,0.3625466023915017,1.6992800548258042,0.9998651823530762,0.9911452629420855,0.8766427681478589,1
0.495,0.4875026035157896,0.3647408703697482,1.710267704511413,0.9998662366979753,0.9919304950493999,0.8769394237607928,1
0.4975,0.49375032550048964,0.3669066344055162,1.7211920151461713,0.9998671916105499,0.9926470332138194,0.8772095903210948,1
0.5,0.5,0.3690434099143446,1.7320508075688772,0.9998680566142468,0.9933005671098758,0.8774555552649053,1
0.5025000000000001,0.5062496744995105,0.3711507528785155,1.7428419455008144,0.9998688402955684,0.9938963691179159,0.8776794216130728,1
0.505,0.5124973964842103,0.3732282597622566,1.7535633375801576,0.9998695504019074,0.9944393169208521,0.8778831210825249,1
0.5075000000000001,0.5187412158785354,0.37527556731046696,1.7642129393220118,0.9998701939280196,0.9949339160780383,0.878068426478268,1
0.51,0.52497918747894,0.37729235223516755,1.7747887549997718,0.999870777192644,0.9953843223513621,0.8782369633803684,1
0.5125,0.5312093733737562,0.3792783307943698,1.7852888394437851,0.9998713059065504,0.9957943635981912,0.8783902211434242,1
0.515,0.5374298453437496,0.3812332582684962,1.795711299753526,0.9998717852331147,0.9961675610812576,0.8785295632285995,1
0.5175,0.5436386872370788,0.3831569283398776,1.8060542969197997,0.9998722198423581,0.9965071500770355,0.8786562368903322,1
0.52,0.549833997312478,0.3850491723811861,1.8163160473537825,0.9998726139592491,0.9968160996918686,0.8787713822414233,1
0.5225,0.5560138905446199,0.38690985865894045,1.8264948243199923,0.9998729714069671,0.9970971318192485,0.8788760407214198,1
0.525,0.5621765008857982,0.3887388914584461,1.8365889592706337,0.9998732956457111,0.9973527391925104,0.8789711629940555,1
0.5275,0.568319983478248,0.39053621013669726,1.846596843079043,0.9998735898075755,0.9975852025050528,0.8790576163000778,1
0.53,0.574442516811659,0.39230178810989214,1.8565169271703272,0.9998738567279305,0.9977966065852784,0.8791361912920624,1
0.5325,0.5805423048206595,0.3940356317822665,1.8663477245475872,0.9998740989736966,0.9979888556260906,0.8792076083778804,1
0.535,0.5866175789173301,0.3957377794229705,1.8760878107124892,0.9998743188688504,0.9981636874791775,0.8792725235993281,1
0.5375,0.5926665999540697,0.3974082999976808,1.885735824479245,0.9998745185174504,0.998322687032785,0.8793315340720931,1
0.54,0.5986876601124521,0.3990472919615572,1.89529046868144,0.9998746998244482,0.9984672986984053,0.8793851830127573,1
0.5425,0.6046790847140093,0.40065488202004074,1.9047505107714386,0.9998748645145057,0.9985988380370405,0.8794339643779109,1
0.545,0.6106392339492221,0.4022312238638258,1.9141147833124672,0.9998750141490238,0.9987185025596326,0.8794783271397473,1
0.5475,0.6165665045213193,0.4037764968841543,1.923382184363762,0.9998751501415555,0.9988273817390625,0.8795186792216774,1
0.55,0.6224593312018547,0.40529090487435726,1.9325516777595182,0.999875273771767,0.9989264662729874,0.87955539111664,1
0.5525,0.6283161882953663,0.4067746747233133,1.9416222932826555,0.9998753861980828,0.9990166566378518,0.8795887992098365,1
0.555,0.6341355910108007,0.4082280551062353,1.9505931267347387,0.9998754884691441,0.9990987709747946,0.8796192088266457,1
0.5575,0.6399160967377341,0.409651315177891,1.9594633399036596,0.9998755815341898,0.9991735523480466,0.8796468970254786,1
0.56,0.6456563062257956,0.41104474327307294,1.9682321604309725,0.9998756662524677,0.9992416754157918,0.8796721151543165,1
0.5625,0.6513548646660542,0.4124086456187982,1.9768988815810293,0.9998757434017592,0.9993037525525258,0.8796950911886482,1
0.5650000000000001,0.6570104626734988,0.4137433450624074,1.9854628619143178,0.9998758136861067,0.9993603394607182,0.8797160318675296,1
0.5675,0.6626218371700825,0.4150491798193888,1.993923524867615,0.9998758777428148,0.9994119403081383,0.8797351246434737,1
0.5700000000000001,0.6681877721681663,0.4163265022444259,2.0022803582438193,0.9998759361487932,0.9994590124256213,0.879752539460911,1
0.5725,0.6737070994545215,0.4175756776288283,2.0105329136144796,0.9998759894263034,0.999501970598347,0.8797684303770092,1
0.5750000000000001,0.6791786991753931,0.4187970830271822,2.018680805638266,0.9998760380481614,0.9995411909819529,0.8797829370377184,1
0.5775,0.6846015003234307,0.4199911061157241,2.0267237112987515,0.9998760824424527,0.9995770146730051,0.8797961860210262,1
0.58,0.6899744811276124,0.4211581440846258,2.0346613690650526,0.9998761229967985,0.9996097509615692,0.8798082920585599,1
0.5825,0.6952966693475654,0.42229860256607876,2.042493577978984,0.9998761600622176,0.9996396802918429,0.8798193591458583,1
0.585,0.7005671424739729,0.42341289459975673,2.050220196672503,0.999876193956623,0.9996670569550845,0.8798294815508774,1
0.5875,0.7057850278370114,0.4245014396369603,2.057841142319316,0.9998762249679856,0.9996921115373897,0.8798387447295586,1
0.59,0.7109495026250039,0.4255646625844737,2.0653563895245837,0.9998762533571951,0.9997150531432495,0.8798472261566092,1
0.5925,0.7160597938157098,0.42660299288890846,2.0727659691567353,0.9998762793606492,0.9997360714142737,0.879854996078995,1
0.595,0.7211151780228631,0.4276168636620644,2.0800699671254277,0.9998763031925941,0.9997553383609907,0.8798621181990463,1
0.5975,0.7261149812607792,0.42860671084762114,2.0872685231097305,0.9998763250472429,0.9997730100242418,0.8798686502935092,1
0.6,0.7310585786300049,0.42957297242925263,2.0943618292405994,0.9998763451006873,0.9997892279813713,0.8798746447743524,1
0.6025,0.7359453939271485,0.4305160876800759,2.101350128741731,0.9998763635126295,0.9998041207111805,0.8798801491966447,1
0.605,0.7407748991821539,0.43143649645316084,2.108233714532837,0.9998763804279452,0.9998178048304628,0.8798852067183718,1
0.6075,0.7455466141264028,0.4323346385126695,2.1150129277993592,0.9998763959780966,0.9998303862138532,0.8798898565166329,1
0.61,0.7502601055951177,0.43321095290504286,2.121688156532601,0.9998764102824115,0.999841961007734,0.8798941341642736,1
0.6125,0.7549149868676284,0.43406587736953883,2.128259834044182,0.9998764234492348,0.9998526165480032,0.8798980719706538,1
0.615,0.759510916949111,0.4348998477872851,2.1347284374586537,0.9998764355769734,0.9998624321906602,0.8799016992899148,1
0.6175,0.7640475997974662,0.43571329766793443,2.141094486188033,0.999876446755038,0.9998714800633651,0.8799050427998145,1
0.62,0.7685247834990175,0.43650665767290386,2.147358540391917,0.9998764570646949,0.9998798257454027,0.8799081267539111,1
0.6225,0.7729422593967386,0.43728035517411923,2.1535211994267507,0.9998764665798348,0.999887528882811,0.8799109732096315,1
0.625,0.7772998611746911,0.43803481384711007,2.15958310028768,0.9998764753676688,0.999894643744818,0.8799136022345202,1
0.6275000000000001,0.7815974639023656,0.4387704532972644,2.16554491604635,0.9998764834893564,0.9999012197271657,0.8799160320927509,1
0.63,0.7858349830425586,0.43948768871800026,2.171407354287848,0.9998764910005735,0.9999073018073865,0.8799182794137967,1
0.6325000000000001,0.7900123734263976,0.44018693057958747,2.177171155549877,0.9998764979520253,0.9999129309566255,0.8799203593449665,1
0.635,0.7941296281990528,0.44086858434733245,2.182837091767115,0.9998765043899099,0.9999181445121692,0.87992228568936,1
0.6375000000000001,0.7981867777396213,0.44153305022782374,2.1884059647235765,0.9998765103563396,0.9999229765144547,0.8799240710306482,1
0.64,0.8021838885585818,0.44218072294193267,2.19387860451564,0.9998765158897174,0.9999274580119728,0.879925726845945,1
0.6425,0.80612106217614,0.4428119915232688,2.199255868028284,0.9998765210250823,0.9999316173371525,0.8799272636079241,1
0.645,0.8099984339846871,0.44342723914079196,2.2045386374269156,0.9998765257944173,0.9999354803560263,0.8799286908772137,1
0.6475,0.8138161720984914,0.44402684294430406,2.2097278186670297,0.9998765302269318,0.9999390706941998,0.8799300173860166,1
0.65,0.8175744761936437,0.4446111739315598,2.2148243400238004,0.999876534349315,0.9999424099414139,0.8799312511137958,1
0.6525,0.8212735763411494,0.44518059683575817,2.219829150643557,0.9998765381859648,0.999945517836761,0.879932399355795,1
0.655,0.8249137318359602,0.4457354700322059,2.224743219118953,0.9998765417591972,0.9999484124364222,0.8799334687850896,1
0.6575,0.828495230024599,0.44627614546297434,2.2295675320894843,0.9998765450894335,0.9999511102656117,0.8799344655087866,1
0.66,0.8320183851339246,0.4468029685784046,2.2343030928689034,0.9998765481953718,0.9999536264562461,0.8799353951189429,1
0.6625,0.8354835371034367,0.4473162782943504,2.2389509201008897,0.9998765510941411,0.9999559748717171,0.879936262738708,1
0.665,0.8388910504234147,0.44781640696408653,2.243512046444255,0.9998765538014417,0.9999581682200047,0.879937073064154,1
0.6675,0.84224131298103,0.4483036803638504,2.2479875172887818,0.9998765563316717,0.9999602181562517,0.8799378304022039,1
0.67,0.8455347349164655,0.448778417691022,2.2523783895027036,0.9998765586980431,0.9999621353758107,0.879938538705036,1
0.6725,0.8487717474909258,0.44924093157399125,2.256685730212684,0.9998765609126852,0.9999639296986743,0.8799392016013,1
0.675,0.8519528019683106,0.44969152809279833,2.260910615617049,0.9998765629867408,0.9999656101461162,0.8799398224244518,1
0.6775,0.8550783685121771,0.4501305068096789,2.265054129832897,0.999876564930451,0.999967185010281,0.8799404042384797,1
0.68,0.8581489350995123,0.45055816080868427,2.269117363777615,0.9998765667532338,0.9999686619173975,0.8799409498612734,1
0.6825,0.8611650064526928,0.45097477674358777,2.2731014140852044,0.9998765684637557,0.9999700478852204,0.8799414618858574,1
0.685,0.8641271029909058,0.45138063489332747,2.277007382057738,0.9998765700699962,0.9999713493752478,0.8799419426996924,1
0.6875,0.8670357598021706,0.4517760092242816,2.2808363726521517,0.9998765715793054,0.9999725723402069,0.8799423945022283,1
0.6900000000000001,0.8698915256370023,0.4521611674587004,2.284589493502501,0.9998765729984589,0.9999737222672551,0.8799428193208716,1
0.6925,0.8726949619246283,0.4525363711486684,2.2882678539777133,0.9998765743337054,0.9999748042172998,0.8799432190255174,1
0.6950000000000001,0.8754466418125837,0.4529018757549991,2.29187256427479,0.9998765755908113,0.999975822860798,0.879943595341782,1
0.6975,0.878147149230382,0.4532579307305046,2.2954047345473283,0.9998765767751011,0.9999767825103694,0.8799439498630557,1
0.7000000000000001,0.8807970779778825,0.45360477960711487,2.2988654740691756,0.9998765778914943,0.9999776871505133,0.8799442840614852,1
0.7025,0.8833970308388606,0.4539426600863584,2.3022558904329387,0.9998765789445382,0.9999785404647042,0.8799445992979876,1
0.705,0.8859476187202091,0.45427180413274104,2.305577088783035,0.9998765799384391,0.9999793458601058,0.8799448968313828,1
0.7075,0.8884494598171035,0.4545924380696006,2.3088301710828842,0.9998765808770896,0.9999801064901213,0.879945177826728,1
0.71,0.8909031788043871,0.4549047826770357,2.312016235415816,0.999876581764095,0.9999808252749826,0.8799454433629258,1
0.7125,0.8933094060543487,0.45520905329153905,2.3151363753191934,0.9998765826027951,0.9999815049205557,0.8799456944396733,1
0.715,0.8956687768809987,0.4555054599069971,2.3181916791512283,0.9998765833962869,0.9999821479355232,0.8799459319838118,1
0.7175,0.8979819308108695,0.4557942072767306,2.321183229489912,0.9998765841474432,0.9999827566470949,0.8799461568551324,1
0.72,0.9002495108803148,0.4560754950162914,2.3241121025634475,0.99987658485893,0.9999833332153766,0.8799463698516847,1
0.7225,0.9024721629592075,0.45634951770674326,2.3269793677115502,0.9998765855332237,0.9999838796465196,0.8799465717146369,1
0.725,0.9046505351008906,0.456616464998176,2.3297860868769353,0.9998765861726253,0.9999843978047595,0.8799467631327232,1
0.7275,0.9067852769181763,0.4568765217132319,2.332533314126308,0.9998765867792744,0.999984889423443,0.8799469447463186,1
0.73,0.9088770389851438,0.4571298679504311,2.335222095200125,0.9998765873551612,0.9999853561151346,0.8799471171511739,1
0.7325,0.9109264722644368,0.45737667918711333,2.3378534670904036,0.9998765879021385,0.9999857993808825,0.879947280901838,1
0.735,0.9129342275597286,0.45761712638181884,2.3404284576458156,0.9998765884219316,0.9999862206187177,0.8799474365147997,1
0.7375,0.9149009549929797,0.4578513760759563,2.342948085203315,0.9998765889161488,0.999986621131456,0.8799475844713696,1
0.74,0.9168273035060777,0.45807959049461655,2.345413358245507,0.9998765893862891,0.9999870021338625,0.8799477252203273,1
0.7425,0.9187139203864272,0.4583019276464083,2.3478252750829998,0.9998765898337513,0.9999873647592304,0.8799478591803528,1
0.745,0.9205614508160216,0.45851854142219917,2.350184823560932,0.9998765902598409,0.9999877100654334,0.8799479867422614,1
0.7475,0.9223705374435117,0.4587295816926672,2.3524929807889055,0.9998765906657773,0.9999880390404852,0.8799481082710594,1
0.75,0.9241418199787566,0.45893519440456954,2.35475071289352,0.9998765910527001,0.9999883526076615,0.8799482241078357,1
0.7525000000000001,0.9258759348093368,0.45913552167565375,2.356958974792735,0.9998765914216745,0.9999886516302088,0.8799483345715011,1
0.755,0.9275735146384823,0.45933070188814484,2.3591187099912743,0.9998765917736975,0.999988936915686,0.8799484399603932,1
0.7575000000000001,0.9292351881438593,0.45952086978074325,2.3612308503962836,0.9998765921097013,0.9999892092199625,0.8799485405537529,1
0.76,0.9308615796566533,0.45970615653909397,2.363296316152488,0.99987659243056,0.9999894692509045,0.8799486366130875,1
0.7625000000000001,0.9324533088603709,0.45988668988467485,2.3653160154960746,0.999876592737092,0.9999897176717757,0.8799487283834255,1
0.765,0.9340109905087812,0.4600625941620756,2.3672908446265506,0.9998765930300646,0.9999899551043759,0.8799488160944771,1
0.7675000000000001,0.9355352341624104,0.4602339904246392,2.3692216875958363,0.9998765933101975,0.9999901821319376,0.8799488999617043,1
0.77,0.9370266439430035,0.4604009965184398,2.3711094162138577,0.9998765935781663,0.9999903993018033,0.8799489801873104,1
0.7725,0.9384858183053655,0.46056372716458494,2.372954889969928,0.9998765938346051,0.9999906071278989,0.8799490569611527,1
0.775,0.9399133498259924,0.46072229403983134,2.3747589559692064,0.9998765940801099,0.9999908060930215,0.8799491304615887,1
0.7775,0.9413098250079087,0.46087680585550295,2.3765224488835472,0.9998765943152403,0.9999909966509551,0.879949200856258,1
0.78,0.9426758241011313,0.4610273684347169,2.378246190916068,0.9998765945405234,0.99999117922843,0.8799492683028044,1
0.7825,0.9440119209381783,0.4611740847879121,2.379930991778768,0.9998765947564542,0.9999913542269359,0.8799493329495484,1
0.785,0.9453186827840592,0.46131705518669197,2.381577648682561,0.9998765949634992,0.9999915220244033,0.8799493949361057,1
0.7875,0.9465966702001757,0.46145637723598376,2.3831869463390936,0.9998765951620979,0.9999916829767611,0.879949454393965,1
0.79,0.9478464369215823,0.4615921459445319,2.3847596569737366,0.9998765953526639,0.9999918374193806,0.8799495114470197,1
0.7925,0.9490685297470565,0.4617244537937367,2.3862965403491536,0.9998765955355874,0.9999919856684173,0.8799495662120647,1
0.795,0.9502634884414434,0.46185339080485377,2.387798343798877,0.9998765957112363,0.999992128022054,0.8799496187992549,1
0.7975,0.9514318456497438,0.4619790446045736,2.3892658022703257,0.9998765958799579,0.9999922647616573,0.879949669312533,1
0.8,0.9525741268224334,0.4621015004890042,2.3906996383767245,0.99987659604208,0.9999923961528511,0.8799497178500262,1
0.8025,0.9536908501514997,0.4622208414860721,2.3921005624573977,0.9998765961979121,0.9999925224465153,0.8799497645044145,1
0.805,0.9547825265167125,0.4623371484163722,2.393469272645938,0.9998765963477466,0.9999926438797131,0.8799498093632734,1
0.8075,0.9558496594416355,0.46245049995248555,2.3948064549457464,0.9998765964918603,0.9999927606765565,0.8799498525093945,1
0.81,0.9568927450589139,0.46256097267679175,2.3961127833124807,0.9998765966305148,0.9999928730490093,0.8799498940210814,1
0.8125,0.9579122720843811,0.46266864113780504,2.3973889197429537,0.9998765967639573,0.9999929811976365,0.8799499339724264,1
0.8150000000000001,0.958908721799535,0.4627735779050556,2.398635514370037,0.9998765968924221,0.9999930853123028,0.8799499724335689,1
0.8175,0.9598825680419544,0.462875853622548,2.39985320556315,0.9998765970161315,0.999993185572822,0.8799500094709357,1
0.8200000000000001,0.9608342772032357,0.4629755370608243,2.401042620033933,0.9998765971352952,0.9999932821495653,0.8799500451474647,1
0.8225,0.9617643082340419,0.4630726951676566,2.402204372946701,0.999876597250113,0.999993375204026,0.8799500795228143,1
0.8250000000000001,0.9626731126558706,0.4631673931174022,2.403339068033311,0.9998765973607734,0.9999934648893486,0.8799501126535592,1
0.8275,0.9635611345791598,0.46325969435904557,2.404447297712087,0.9998765974674558,0.9999935513508235,0.8799501445933713,1
0.8300000000000001,0.9644288107273639,0.463349660662962,2.4055296432104476,0.9998765975703306,0.9999936347263461,0.8799501753931924,1
0.8325,0.9652765704666424,0.46343735216642334,2.4065866746909106,0.9998765976695592,0.9999937151468491,0.8799502051013907,1
0.835,0.9661048358408219,0.46352282741788275,2.407618951380166,0.9998765977652951,0.9999937927367054,0.8799502337639116,1
0.8375,0.9669140216112958,0.46360614342006123,2.4086270217009056,0.999876597857684,0.9999938676141054,0.8799502614244166,1
0.84,0.9677045353015494,0.46368735567186714,2.409611423406126,0.9998765979468646,0.9999939398914092,0.879950288124413,1
0.8425,0.9684767772459986,0.463766518209176,2.4105726837156336,0.9998765980329689,0.9999940096754776,0.8799503139033774,1
0.845,0.969231140642852,0.46384368364449957,2.411511319454485,0.9998765981161223,0.9999940770679819,0.8799503387988684,1
0.8475,0.9699680116107118,0.46391890320556894,2.4124278371931194,0.9998765981964441,0.9999941421656936,0.8799503628466351,1
0.85,0.9706877692486436,0.4639922267728612,2.4133227333889393,0.9998765982740483,0.9999942050607563,0.8799503860807164,1
0.8525,0.9713907856994539,0.4640637029160978,2.4141964945291265,0.9998765983490429,0.9999942658409411,0.8799504085335366,1
0.855,0.9720774262159271,0.4641333789297367,2.4150495972744666,0.999876598421531,0.9999943245898855,0.8799504302359921,1
0.8575,0.972748049229784,0.46420130086748757,2.415882508603989,0.9998765984916111,0.9999943813873189,0.8799504512175366,1
0.86,0.973403006423134,0.46426751357587503,2.4166956859602338,0.9998765985593774,0.9999944363092728,0.8799504715062569,1
0.8625,0.9740426428022031,0.46433206072687605,2.4174895773949507,0.999876598624919,0.9999944894282793,0.8799504911289479,1
0.865,0.9746672967731284,0.464394984849651,2.4182646217150783,0.9998765986883212,0.9999945408135571,0.8799505101111793,1
0.8675,0.9752773002196243,0.46445632736140163,2.4190212486288223,0.9998765987496658,0.9999945905311877,0.8799505284773629,1
0.87,0.9758729785823308,0.4645161285973688,2.419759878891702,0.9998765988090306,0.9999946386442788,0.8799505462508114,1
0.8725,0.9764546509396596,0.4645744278400036,2.4204809244524026,0.99987659886649,0.9999946852131195,0.8799505634537965,1
0.875,0.9770226300899744,0.4646312633473263,2.421184788598311,0.9998765989221151,0.9999947302953277,0.8799505801076029,1
0.8775000000000001,0.9775772226349374,0.4646866723804993,2.4218718661006045,0.9998765989759738,0.9999947739459852,0.8799505962325787,1
0.88,0.9781187290638694,0.46474069123063544,2.422542543358778,0.9998765990281312,0.9999948162177691,0.8799506118481835,1
0.8825000000000001,0.9786474438389795,0.4647933552448621,2.4231971985444924,0.9998765990786495,0.9999948571610727,0.8799506269730332,1
0.885,0.9791636554813196,0.46484469885166135,2.423836201744647,0.999876599127588,0.999994896824121,0.8799506416249427,1
0.8875000000000001,0.9796676466573414,0.4648947555855073,2.424459915103578,0.9998765991750037,0.9999949352530787,0.8799506558209658,1
0.89,0.9801596942659225,0.46494355811082044,2.4250686929642913,0.9998765992209514,0.9999949724921529,0.879950669577433,1
0.8925000000000001,0.9806400695257524,0.4649911382452555,2.425662882008651,0.9998765992654832,0.9999950085836896,0.8799506829099881,1
0.895,0.9811090380629609,0.4650375269823469,2.4262428213964418,0.9998765993086491,0.999995043568265,0.8799506958336195,1
0.8975,0.9815668599988902,0.4650827545135222,2.4268088429032355,0.9998765993504971,0.999995077484771,0.8799507083626953,1
0.9,0.9820137900379085,0.46512685024950884,2.4273612710569994,0.9998765993910732,0.9999951103704975,0.8799507205109901,1
0.9025,0.9824500775551757,0.4651698428411487,2.427900423273379,0.9998765994304216,0.9999951422612088,0.8799507322917162,1
0.905,0.9828759666842724,0.46521176019963206,2.4284266099896112,0.9998765994685848,0.9999951731912157,0.879950743717548,1
0.9075,0.9832916964046118,0.4652526295161793,2.4289401347970005,0.9998765995056031,0.9999952031934457,0.8799507548006495,1
0.91,0.9836975006285591,0.46529247728117074,2.4294412945719337,0.9998765995415158,0.9999952322995073,0.8799507655526974,1
0.9125,0.9840936082881853,0.46533132930275556,2.429930379605373,0.9998765995763599,0.999995260539751,0.8799507759849033,1
0.915,0.9844802434215911,0.46536921072494264,2.4304076737307976,0.9998765996101718,0.9999952879433289,0.8799507861080365,1
0.9175,0.9848576252587378,0.46540614604519515,2.4308734544505657,0.9998765996429861,0.9999953145382486,0.8799507959324432,1
0.92,0.9852259683067269,0.4654421591315391,2.431327993060657,0.9998765996748357,0.999995340351427,0.8799508054680667,1
0.9225,0.985585482434479,0.4654772732392042,2.431771554773777,0.9998765997057527,0.9999953654087383,0.8799508147244655,1
0.925,0.9859363729567544,0.4655115110268032,2.4322043988407978,0.9998765997357677,0.9999953897350627,0.8799508237108304,1
0.9275,0.9862788407174811,0.4655448945720718,2.432626778670515,0.9998765997649105,0.9999954133543296,0.8799508324360014,1
0.93,0.9866130821723351,0.4655774453871738,2.433038941947706,0.9998765997932091,0.9999954362895604,0.8799508409084826,1
0.9325,0.9869392894705469,0.46560918443358734,2.4334411307494745,0.999876599820691,0.9999954585629095,0.8799508491364584,1
0.935,0.9872576505358884,0.4656401321365863,2.433833581659874,0.9998765998473826,0.9999954801957007,0.8799508571278057,1
0.9375,0.9875683491468141,0.4656703083993242,2.4342165258827912,0.9998765998733092,0.9999955012084655,0.8799508648901094,1
0.9400000000000001,0.9878715650157257,0.4656997326165332,2.434590189353098,0.9998765998984951,0.9999955216209753,0.8799508724306729,1
0.9425,0.9881674738673312,0.46572842368785106,2.4349547928460575,0.999876599922964,0.9999955414522763,0.8799508797565325,1
0.9450000000000001,0.9884562475160777,0.4657564000307858,2.4353105520849834,0.9998765999467384,0.9999955607207186,0.8799508868744665,1
0.9475,0.9887380539426343,0.4657836795933258,2.435657677847157,0.9998765999698399,0.9999955794439875,0.8799508937910083,1
0.9500000000000001,0.9890130573694068,0.46581027986620904,2.4359963760680023,0.9998765999922901,0.9999955976391303,0.8799509005124555,1
0.9525,0.9892814183350669,0.46583621789485974,2.4363268479435187,0.9998766000141087,0.9999956153225833,0.8799509070448794,1
0.9550000000000001,0.9895432937680818,0.46586151029100076,2.4366492900309824,0.9998766000353156,0.9999956325101981,0.8799509133941363,1
0.9575,0.9897988370592303,0.4658861732439529,2.43696389434792,0.9998766000559296,0.9999956492172645,0.8799509195658738,1
0.96,0.9900481981330957,0.46591022253162795,2.4372708484693644,0.9998766000759689,0.9999956654585351,0.8799509255655421,1
0.9625,0.9902915235185259,0.4659336735312266,2.437570335623396,0.9998766000954509,0.9999956812482462,0.8799509313984,1
0.965,0.9905289564180538,0.46595654122964614,2.4378625347849954,0.9998766001143928,0.9999956966001388,0.8799509370695237,1
0.9675,0.9907606367762712,0.4659788402336097,2.4381476207681985,0.9998766001328109,0.9999957115274791,0.8799509425838139,1
0.97,0.990986701347152,0.466000584779524,2.438425764316583,0.9998766001507208,0.9999957260430773,0.8799509479460026,1
0.9725,0.9912072837603251,0.466021788743069,2.4386971321920954,0.9998766001681382,0.9999957401593056,0.8799509531606606,1
0.975,0.991422514586288,0.4660424656485359,2.4389618872622276,0.9998766001850773,0.9999957538881161,0.8799509582322026,1
0.9775,0.9916325214005703,0.46606262867790893,2.4392201885855695,0.9998766002015527,0.9999957672410564,0.8799509631648949,1
0.98,0.9918374288468401,0.4660822906797112,2.4394721914957427,0.9998766002175784,0.9999957802292864,0.8799509679628599,1
0.9825,0.9920373586989583,0.4661014641776081,2.439718047683738,0.9998766002331672,0.9999957928635925,0.8799509726300823,1
0.985,0.9922324299219849,0.4661201613787852,2.439957905278677,0.9998766002483319,0.9999958051544029,0.8799509771704139,1
0.9875,0.9924227587321393,0.4661383941821028,2.440191908927008,0.9998766002630856,0.9999958171118009,0.8799509815875801,1
0.99,0.9926084586557181,0.4661561741860313,2.4404201998701596,0.99987660027744,0.999995828745537,0.8799509858851827,1
0.9925,0.992789640586981,0.46617351269637786,2.4406429160206713,0.9998766002914065,0.9999958400650443,0.8799509900667063,1
0.995,0.9929664128450049,0.46619042073380823,2.4408601920368214,0.9998766003049964,0.9999958510794471,0.8799509941355215,1
0.9975,0.9931388812295173,0.4662069090411679,2.441072159395765,0.999876600318221,0.999995861797575,0.8799509980948903,1
1.0,0.9933071490757153,0.46622298809061047,2.441278946465211,0.9998766003310904,0.9999958722279729,0.8799510019479688,1
