g,gate_q,DIT_interaction_delta,RPT_spectral_gain_rho,workspace_x1,workspace_x2,GNWT_global_access_G,GNWT_high_access
0.0,0.0066928509242848554,0.10265393097787642,0.0,0.4399368873234805,0.07585818002098459,0.03971392633336357,0
0.0025,0.006861118770482804,0.10277471775349131,0.0,0.4399368873243907,0.07585818002099753,0.039713926333486665,0
0.005,0.007033587154995161,0.10289850666519293,0.0,0.43993688732525693,0.07585818002100983,0.03971392633360386,0
0.0075,0.007210359413019046,0.10302537088461702,0.0,0.4399368873260814,0.07585818002102152,0.039713926333715385,0
0.01,0.007391541344281971,0.10315538529253596,0.0,0.43993688732686603,0.07585818002103262,0.039713926333821516,0
0.0125,0.007577241267860811,0.10328862651492063,0.0,0.4399368873276128,0.07585818002104316,0.039713926333922525,0
0.015,0.007767570078015005,0.1034251729595593,0.0,0.4399368873283236,0.07585818002105318,0.03971392633401867,0
0.0175,0.007962641301041708,0.10356510485322509,0.0,0.43993688732900005,0.07585818002106269,0.03971392633411015,0
0.02,0.008162571153159897,0.10370850427939157,0.0,0.43993688732964387,0.07585818002107172,0.03971392633419724,0
0.0225,0.0083674785994296,0.10385545521648873,0.0,0.4399368873302566,0.07585818002108032,0.039713926334280114,0
0.025,0.008577485413711984,0.1040060435766946,0.0,0.43993688733083974,0.07585818002108848,0.03971392633435898,0
0.0275,0.008792716239674923,0.10416035724525227,0.0,0.4399368873313947,0.07585818002109622,0.03971392633443403,0
0.03,0.00901329865284783,0.104318486120308,0.0,0.43993688733192293,0.07585818002110357,0.03971392633450545,0
0.0325,0.009239363223728833,0.10448052215325518,0.0,0.43993688733242564,0.07585818002111057,0.03971392633457344,0
0.035,0.009471043581946115,0.10464655938957776,0.0,0.43993688733290404,0.07585818002111722,0.039713926334638126,0
0.0375,0.009708476481474066,0.1048166940101761,0.0,0.43993688733335934,0.07585818002112353,0.03971392633469971,0
0.04,0.009951801866904317,0.10499102437316463,0.0,0.43993688733379266,0.07585818002112953,0.0397139263347583,0
0.0425,0.010201162940769636,0.1051696510561235,0.0,0.4399368873342051,0.07585818002113522,0.03971392633481406,0
0.045,0.010456706231918071,0.10535267689878633,0.0,0.43993688733459757,0.07585818002114063,0.03971392633486713,0
0.0475,0.010718581664932983,0.10554020704614717,0.0,0.4399368873349711,0.07585818002114576,0.039713926334917646,0
0.05,0.01098694263059318,0.10573234899196302,0.0,0.4399368873353266,0.07585818002115065,0.03971392633496571,0
0.0525,0.011261946057365696,0.10592921262262964,0.0,0.43993688733566494,0.07585818002115528,0.03971392633501145,0
0.055,0.011543752483922289,0.10613091026140639,0.0,0.4399368873359869,0.0758581800211597,0.03971392633505498,0
0.0575,0.011832526132668766,0.10633755671296138,0.0,0.4399368873362933,0.07585818002116389,0.039713926335096406,0
0.06,0.012128434984274237,0.1065492693082076,0.0,0.4399368873365849,0.07585818002116787,0.03971392633513584,0
0.0625,0.01243165085318582,0.10676616794939861,0.0,0.4399368873368625,0.07585818002117165,0.03971392633517337,0
0.065,0.012742349464111609,0.10698837515544732,0.0,0.4399368873371266,0.07585818002117524,0.03971392633520907,0
0.0675,0.013060710529452992,0.10721601610743267,0.0,0.43993688733737796,0.07585818002117865,0.03971392633524305,0
0.07,0.013386917827664779,0.10744921869425136,0.0,0.43993688733761716,0.07585818002118189,0.039713926335275374,0
0.0725,0.013721159282518911,0.10768811355837346,0.0,0.4399368873378448,0.07585818002118497,0.039713926335306154,0
0.075,0.014063627043245475,0.10793283414165375,0.0,0.43993688733806147,0.0758581800211879,0.03971392633533545,0
0.0775,0.014414517565521149,0.10818351673115009,0.0,0.43993688733826763,0.07585818002119067,0.03971392633536332,0
0.08,0.014774031693273055,0.10844030050489525,0.0,0.4399368873384638,0.07585818002119331,0.039713926335389824,0
0.0825,0.01514237474126237,0.10870332757756448,0.0,0.4399368873386505,0.07585818002119582,0.039713926335415074,0
0.085,0.0155197565784089,0.10897274304597879,0.0,0.4399368873388282,0.07585818002119821,0.03971392633543909,0
0.08750000000000001,0.015906391711814714,0.10924869503437992,0.0,0.4399368873389973,0.07585818002120047,0.03971392633546195,0
0.09,0.01630249937144093,0.10953133473940577,0.0,0.4399368873391582,0.07585818002120262,0.03971392633548369,0
0.0925,0.01670830359538827,0.10982081647469519,0.0,0.43993688733931136,0.07585818002120466,0.03971392633550439,0
0.095,0.017124033315727722,0.11011729771504283,0.0,0.4399368873394571,0.0758581800212066,0.03971392633552409,0
0.0975,0.017549922444824388,0.11042093914002235,0.0,0.4399368873395958,0.07585818002120845,0.03971392633554285,0
0.1,0.01798620996209156,0.11073190467698854,0.0,0.4399368873397278,0.0758581800212102,0.039713926335560666,0
0.10250000000000001,0.018433140001109842,0.11105036154336775,0.0,0.4399368873398534,0.07585818002121186,0.039713926335577646,0
0.105,0.01889096193703905,0.11137648028813582,0.0,0.43993688733997294,0.07585818002121344,0.0397139263355938,0
0.1075,0.019359930474247593,0.1117104348323816,0.0,0.4399368873400867,0.07585818002121494,0.03971392633560918,0
0.11,0.019840305734077503,0.11205240250884305,0.0,0.4399368873401949,0.07585818002121637,0.0397139263356238,0
0.1125,0.020332353342658753,0.11240256410030444,0.0,0.4399368873402979,0.07585818002121773,0.039713926335637716,0
0.115,0.020836344518680425,0.11276110387672653,0.0,0.4399368873403959,0.07585818002121902,0.03971392633565097,0
0.11750000000000001,0.021352556161020567,0.11312820963098444,0.0,0.43993688734048914,0.07585818002122025,0.03971392633566354,0
0.12,0.021881270936130476,0.11350407271307647,0.0,0.4399368873405779,0.07585818002122141,0.03971392633567554,0
0.1225,0.022422777365062697,0.11388888806265826,0.0,0.4399368873406624,0.07585818002122251,0.03971392633568697,0
0.125,0.022977369910025615,0.11428285423975457,0.0,0.43993688734074277,0.07585818002122355,0.03971392633569783,0
0.1275,0.023545349060340417,0.11468617345348894,0.0,0.43993688734081926,0.07585818002122455,0.03971392633570817,0
0.13,0.024127021417669196,0.11509905158866304,0.0,0.4399368873408921,0.07585818002122549,0.039713926335718,0
0.1325,0.02472269978037562,0.11552169823001576,0.0,0.43993688734096137,0.07585818002122639,0.03971392633572736,0
0.135,0.02533270322687173,0.11595432668397296,0.0,0.4399368873410273,0.07585818002122724,0.03971392633573627,0
0.1375,0.02595735719779685,0.11639715399770154,0.0,0.43993688734109004,0.07585818002122804,0.03971392633574474,0
0.14,0.026596993576865863,0.11685040097526309,0.0,0.4399368873411497,0.07585818002122881,0.03971392633575281,0
0.14250000000000002,0.027251950770216082,0.11731429219065845,0.0,0.4399368873412065,0.07585818002122954,0.03971392633576048,0
0.145,0.027922573784073024,0.11778905599754383,0.0,0.4399368873412606,0.07585818002123024,0.03971392633576779,0
0.1475,0.02860921430054609,0.1182749245353881,0.0,0.439936887341312,0.0758581800212309,0.03971392633577473,0
0.15,0.02931223075135632,0.11877213373183224,0.0,0.43993688734136094,0.07585818002123153,0.039713926335781344,0
0.1525,0.03003198838928815,0.11928092330100024,0.0,0.4399368873414075,0.07585818002123212,0.03971392633578764,0
0.155,0.030768859357148022,0.11980153673750213,0.0,0.4399368873414518,0.0758581800212327,0.03971392633579361,0
0.1575,0.03152322275400133,0.12033422130585833,0.0,0.439936887341494,0.07585818002123323,0.0397139263357993,0
0.16,0.03229546469845053,0.12087922802506143,0.0,0.43993688734153413,0.07585818002123375,0.03971392633580475,0
0.1625,0.033085978388704126,0.12143681164798412,0.0,0.4399368873415723,0.07585818002123423,0.03971392633580989,0
0.165,0.03389516415917816,0.1220072306353289,0.0,0.43993688734160863,0.07585818002123469,0.0397139263358148,0
0.1675,0.03472342953335755,0.12259074712380211,0.0,0.4399368873416432,0.07585818002123514,0.03971392633581947,0
0.17,0.03557118927263618,0.12318762688818805,0.0,0.43993688734167613,0.07585818002123555,0.03971392633582392,0
0.17250000000000001,0.036438865420840176,0.12379813929698144,0.0,0.43993688734170744,0.07585818002123594,0.03971392633582814,0
0.17500000000000002,0.03732688734412948,0.12442255726123028,0.0,0.43993688734173725,0.07585818002123632,0.039713926335832164,0
0.1775,0.038235691765958146,0.12506115717622543,0.0,0.4399368873417656,0.07585818002123668,0.03971392633583601,0
0.18,0.039165722796764356,0.1257142188556651,0.0,0.43993688734179254,0.07585818002123701,0.039713926335839644,0
0.1825,0.04011743195804566,0.12638202545790897,0.0,0.4399368873418182,0.07585818002123733,0.03971392633584309,0
0.185,0.041091278200465015,0.12706486340392306,0.0,0.4399368873418426,0.07585818002123763,0.039713926335846396,0
0.1875,0.042087727915618836,0.127763022286514,0.0,0.43993688734186587,0.07585818002123793,0.039713926335849525,0
0.19,0.043107254941086116,0.1284767947704278,0.0,0.43993688734188796,0.0758581800212382,0.03971392633585252,0
0.1925,0.04415034055836462,0.12920647648288916,0.0,0.439936887341909,0.07585818002123847,0.03971392633585537,0
0.195,0.045217473483287494,0.12995236589414036,0.0,0.439936887341929,0.07585818002123872,0.03971392633585806,0
0.1975,0.046309149848500375,0.13071476418753222,0.0,0.439936887341948,0.07585818002123895,0.03971392633586065,0
0.2,0.04742587317756678,0.1314939751187096,0.0,0.4399368873419661,0.07585818002123917,0.03971392633586306,0
0.2025,0.04856815435025613,0.13229030486342438,0.0,0.4399368873419834,0.07585818002123938,0.0397139263358654,0
0.20500000000000002,0.04973651155855673,0.1331040618535043,0.0,0.43993688734199976,0.07585818002123959,0.039713926335867615,0
0.20750000000000002,0.05093147025294354,0.1339355566004968,0.0,0.43993688734201536,0.07585818002123978,0.03971392633586973,0
0.21,0.05215356307841772,0.134785101506501,0.0,0.4399368873420302,0.07585818002123997,0.03971392633587173,0
0.2125,0.05340332979982423,0.1356530106616993,0.0,0.43993688734204434,0.07585818002124015,0.03971392633587364,0
0.215,0.054681317215940724,0.136539599628092,0.0,0.43993688734205777,0.07585818002124031,0.03971392633587545,0
0.2175,0.05598807906182168,0.13744518520894308,0.0,0.4399368873420706,0.07585818002124046,0.039713926335877184,0
0.22,0.05732417589886873,0.13837008520343683,0.0,0.4399368873420828,0.07585818002124062,0.03971392633587882,0
0.2225,0.058690174992091206,0.1393146181460538,0.0,0.4399368873420944,0.07585818002124076,0.0397139263358804,0
0.225,0.060086650174007626,0.14027910303017296,0.0,0.4399368873421054,0.0758581800212409,0.03971392633588188,0
0.2275,0.061514181694634455,0.14126385901541358,0.0,0.4399368873421159,0.07585818002124102,0.03971392633588331,0
0.23,0.06297335605699649,0.14226920511824034,0.0,0.4399368873421259,0.07585818002124115,0.03971392633588464,0
0.2325,0.06446476583758969,0.14329545988535938,0.0,0.4399368873421354,0.07585818002124126,0.03971392633588593,0
0.23500000000000001,0.06598900949121876,0.14434294104945264,0.0,0.4399368873421444,0.07585818002124137,0.03971392633588715,0
0.23750000000000002,0.06754669113962913,0.14541196516680885,0.0,0.439936887342153,0.07585818002124146,0.039713926335888314,0
0.24,0.06913842034334682,0.14650284723642723,0.0,0.4399368873421612,0.07585818002124156,0.03971392633588942,0
0.2425,0.07076481185614078,0.1476159003001972,0.0,0.43993688734216896,0.07585818002124166,0.03971392633589047,0
0.245,0.07242648536151773,0.14875143502377705,0.0,0.43993688734217634,0.07585818002124174,0.039713926335891464,0
0.2475,0.07412406519066317,0.14990975925782643,0.0,0.4399368873421834,0.07585818002124183,0.03971392633589241,0
0.25,0.07585818002124355,0.15109117757928134,0.0,0.4399368873421901,0.07585818002124191,0.03971392633589333,0
0.2525,0.07762946255648838,0.15229599081239495,0.0,0.4399368873421965,0.07585818002124199,0.03971392633589417,0
0.255,0.07943854918397836,0.153524495529314,0.0,0.43993688734220254,0.07585818002124206,0.039713926335895,0
0.2575,0.08128607961357302,0.15477698353,0.0,0.4399368873422083,0.07585818002124213,0.03971392633589578,0
0.26,0.08317269649392238,0.15605374130136648,0.0,0.4399368873422138,0.0758581800212422,0.03971392633589652,0
0.2625,0.08509904500702024,0.15735504945554776,0.0,0.4399368873422191,0.07585818002124226,0.03971392633589723,0
0.265,0.08706577244027129,0.1586811821472883,0.0,0.4399368873422241,0.07585818002124231,0.03971392633589789,0
0.2675,0.08907352773556326,0.16003240647050207,0.0,0.4399368873422288,0.07585818002124237,0.039713926335898535,0
0.27,0.09112296101485616,0.16140898183412808,0.0,0.4399368873422333,0.07585818002124242,0.039713926335899145,0
0.2725,0.0932147230818236,0.1628111593174882,0.0,0.43993688734223757,0.07585818002124248,0.03971392633589972,0
0.275,0.09534946489910949,0.16423918100543541,0.0,0.4399368873422416,0.07585818002124252,0.03971392633590027,0
0.2775,0.09752783704079257,0.16569327930367836,0.0,0.4399368873422455,0.07585818002124256,0.039713926335900804,0
0.28,0.09975048911968518,0.16717367623476206,0.0,0.43993688734224917,0.0758581800212426,0.039713926335901276,0
0.28250000000000003,0.10201806918913042,0.16868058271529116,0.0,0.4399368873422527,0.07585818002124264,0.039713926335901754,0
0.28500000000000003,0.10433122311900135,0.17021419781509214,0.0,0.4399368873422561,0.07585818002124269,0.03971392633590222,0
0.28750000000000003,0.10669059394565122,0.17177470799913216,0.0,0.43993688734225933,0.07585818002124273,0.03971392633590266,0
0.29,0.10909682119561293,0.17336228635313086,0.0,0.4399368873422624,0.07585818002124277,0.03971392633590308,0
0.2925,0.11155054018289638,0.17497709179393814,0.0,0.43993688734226527,0.0758581800212428,0.03971392633590346,0
0.295,0.11405238127979084,0.17661926826588023,0.0,0.439936887342268,0.07585818002124282,0.039713926335903815,0
0.2975,0.11660296916113934,0.17828894392442815,0.0,0.4399368873422706,0.07585818002124285,0.03971392633590417,0
0.3,0.11920292202211755,0.17998623030868008,0.0,0.43993688734227304,0.07585818002124288,0.039713926335904495,0
0.3025,0.12185285076961805,0.1817112215043097,0.0,0.4399368873422754,0.07585818002124291,0.03971392633590483,0
0.305,0.12455335818741639,0.18346399329878868,0.0,0.4399368873422776,0.07585818002124294,0.03971392633590513,0
0.3075,0.1273050380753717,0.1852446023308507,0.0,0.4399368873422797,0.07585818002124296,0.03971392633590541,0
0.31,0.13010847436299786,0.18705308523633166,0.0,0.4399368873422817,0.07585818002124299,0.03971392633590568,0
0.3125,0.13296424019782926,0.18888945779268948,0.0,0.4399368873422836,0.07585818002124302,0.039713926335905946,0
0.315,0.13587289700909427,0.1907537140646732,0.0,0.4399368873422854,0.07585818002124305,0.03971392633590618,0
0.3175,0.13883499354730713,0.19264582555378681,0.0,0.4399368873422872,0.07585818002124306,0.039713926335906424,0
0.32,0.14185106490048782,0.19456574035435611,0.0,0.43993688734228886,0.07585818002124307,0.03971392633590666,0
0.3225,0.14492163148782286,0.19651338231918422,0.0,0.4399368873422905,0.07585818002124309,0.03971392633590686,0
0.325,0.14804719803168948,0.19848865023794113,0.0,0.439936887342292,0.0758581800212431,0.03971392633590707,0
0.3275,0.1512282525090742,0.20049141703159687,0.0,0.43993688734229347,0.07585818002124312,0.03971392633590725,0
0.33,0.15446526508353475,0.20252152896636574,0.0,0.43993688734229486,0.07585818002124313,0.03971392633590744,0
0.3325,0.15775868701896995,0.20457880489077515,0.0,0.4399368873422962,0.07585818002124314,0.03971392633590763,0
0.335,0.16110894957658525,0.20666303549961815,0.0,0.4399368873422974,0.07585818002124316,0.0397139263359078,0
0.3375,0.16451646289656321,0.20877398262866984,0.0,0.4399368873422986,0.07585818002124317,0.039713926335907944,0
0.34,0.16798161486607557,0.21091137858417638,0.0,0.4399368873422997,0.07585818002124319,0.039713926335908104,0
0.3425,0.1715047699754009,0.21307492551121762,0.0,0.43993688734230074,0.0758581800212432,0.039713926335908256,0
0.34500000000000003,0.17508626816403985,0.21526429480513684,0.0,0.43993688734230174,0.07585818002124321,0.03971392633590839,0
0.34750000000000003,0.1787264236588505,0.21747912657029664,0.0,0.4399368873423027,0.07585818002124323,0.039713926335908506,0
0.35000000000000003,0.1824255238063564,0.21971902913046756,0.0,0.43993688734230363,0.07585818002124324,0.039713926335908624,0
0.3525,0.18618382790150853,0.221983578595182,0.0,0.4399368873423045,0.07585818002124325,0.039713926335908756,0
0.355,0.19000156601531293,0.22427231848638438,0.0,0.43993688734230535,0.07585818002124327,0.03971392633590885,0
0.3575,0.19387893782385981,0.22658475942968323,0.0,0.4399368873423061,0.07585818002124328,0.03971392633590898,0
0.36,0.19781611144141822,0.22892037891445835,0.0,0.43993688734230685,0.0758581800212433,0.039713926335909075,0
0.3625,0.20181322226037884,0.23127862112698747,0.0,0.43993688734230757,0.07585818002124331,0.03971392633590916,0
0.365,0.20587037180094733,0.2336588968606473,0.0,0.43993688734230824,0.07585818002124331,0.03971392633590927,0
0.3675,0.2099876265736025,0.23606058350708645,0.0,0.4399368873423089,0.07585818002124331,0.03971392633590933,0
0.37,0.2141650169574414,0.2384830251320936,0.0,0.4399368873423095,0.07585818002124331,0.039713926335909436,0
0.3725,0.21840253609763446,0.2409255326396584,0.0,0.43993688734231007,0.07585818002124331,0.0397139263359095,0
0.375,0.22270013882530884,0.24338738402747037,0.0,0.4399368873423106,0.07585818002124331,0.03971392633590957,0
0.3775,0.22705774060326145,0.24586782473681476,0.0,0.4399368873423111,0.07585818002124331,0.03971392633590964,0
0.38,0.23147521650098238,0.24836606809948955,0.0,0.4399368873423116,0.07585818002124331,0.039713926335909706,0
0.3825,0.235952400202534,0.2508812958840091,0.0,0.4399368873423121,0.07585818002124331,0.03971392633590977,0
0.385,0.24048908305088898,0.2534126589429643,0.0,0.43993688734231257,0.07585818002124331,0.039713926335909845,0
0.3875,0.24508501313237172,0.25595927796296924,0.0,0.439936887342313,0.07585818002124331,0.039713926335909894,0
0.39,0.24973989440488245,0.2585202443181638,0.0,0.4399368873423134,0.07585818002124331,0.03971392633590994,0
0.3925,0.2544533858735974,0.26109462102774694,0.0,0.4399368873423138,0.07585818002124331,0.03971392633590999,0
0.395,0.25922510081784605,0.2636814438174875,0.0,0.4399368873423142,0.07585818002124331,0.039713926335910046,0
0.3975,0.2640546060728515,0.26627972228460994,0.0,0.4399368873423145,0.07585818002124331,0.0397139263359101,0
0.4,0.26894142136999516,0.26888844116488875,0.0,0.43993688734231484,0.07585818002124331,0.039713926335910144,0
0.4025,0.2738850187392209,0.2715065617001813,0.0,0.4399368873423152,0.07585818002124331,0.03971392633591018,0
0.405,0.278884821977137,0.2741330231040434,0.0,0.43993688734231545,0.07585818002124331,0.03971392633591022,0
0.40750000000000003,0.2839402061842902,0.2767667441224442,0.0,0.43993688734231573,0.07585818002124331,0.03971392633591027,0
0.41000000000000003,0.2890504973749961,0.27940662468598754,0.0,0.439936887342316,0.07585818002124331,0.03971392633591028,0
0.41250000000000003,0.29421497216298886,0.28205154764943163,0.0,0.4399368873423163,0.07585818002124331,0.03971392633591033,0
0.41500000000000004,0.2994328575260271,0.2847003806136863,0.0,0.4399368873423165,0.07585818002124331,0.039713926335910366,0
0.4175,0.3047033306524346,0.2873519778248703,0.0,0.43993688734231673,0.07585818002124331,0.0397139263359104,0
0.42,0.31002551887238755,0.2900051821444367,0.0,0.43993688734231695,0.07585818002124331,0.039713926335910414,0
0.4225,0.31539849967656924,0.2926588270838101,0.0,0.4399368873423172,0.07585818002124331,0.03971392633591045,0
0.425,0.320821300824607,0.2953117388964661,0.0,0.4399368873423174,0.07585818002124331,0.03971392633591049,0
0.4275,0.32629290054547855,0.29796273871988377,0.0,0.43993688734231756,0.07585818002124331,0.039713926335910504,0
0.43,0.3318122278318339,0.3006106447593587,0.0,0.43993688734231773,0.07585818002124331,0.03971392633591052,0
0.4325,0.33737816282991745,0.3032542745052631,0.0,0.4399368873423179,0.07585818002124331,0.039713926335910546,0
0.435,0.34298953732650117,0.3058924469749875,0.0,0.43993688734231806,0.07585818002124331,0.03971392633591057,0
0.4375,0.34864513533394575,0.30852398497050826,0.0,0.43993688734231823,0.07585818002124331,0.03971392633591059,0
0.44,0.35434369377420455,0.31114771734228797,0.0,0.4399368873423184,0.07585818002124331,0.039713926335910615,0
0.4425,0.36008390326226586,0.3137624812500538,0.0,0.4399368873423185,0.07585818002124331,0.039713926335910636,0
0.445,0.36586440898919936,0.316367124410888,0.0,0.4399368873423186,0.07585818002124331,0.03971392633591066,0
0.4475,0.3716838117046338,0.3189605073250411,0.0,0.4399368873423187,0.07585818002124331,0.03971392633591066,0
0.45,0.3775406687981454,0.32154150546990967,0.0,0.43993688734231884,0.07585818002124331,0.039713926335910685,0
0.4525,0.3834334954786807,0.32410901145273086,0.0,0.43993688734231895,0.07585818002124331,0.039713926335910685,0
0.455,0.389360766050778,0.3266619371127276,0.0,0.43993688734231906,0.07585818002124331,0.03971392633591071,0
0.4575,0.39532091528599067,0.32919921556368636,0.0,0.43993688734231917,0.07585818002124331,0.03971392633591072,0
0.46,0.401312339887548,0.3317198031682679,0.0,0.4399368873423193,0.07585818002124331,0.03971392633591074,0
0.4625,0.4073334000459303,0.3342226814357364,0.0,0.4399368873423194,0.07585818002124331,0.03971392633591075,0
0.465,0.41338242108267,0.3367068588352399,0.0,0.4399368873423195,0.07585818002124331,0.03971392633591075,0
0.4675,0.4194576951793405,0.33917137251727414,0.0,0.43993688734231956,0.07585818002124331,0.03971392633591075,0
0.47000000000000003,0.4255574831883411,0.3416152899365311,0.0,0.4399368873423196,0.07585818002124331,0.03971392633591079,0
0.47250000000000003,0.4316800165217519,0.34403771036992803,0.0,0.43993688734231967,0.07585818002124331,0.03971392633591079,0
0.47500000000000003,0.437823499114202,0.34643776632427203,0.0,0.4399368873423197,0.07585818002124331,0.03971392633591079,0
0.47750000000000004,0.44398610945538014,0.3488146248286964,0.0,0.4399368873423198,0.07585818002124331,0.03971392633591079,0
0.48,0.45016600268752205,0.3511674886077182,0.0,0.43993688734231984,0.07585818002124331,0.03971392633591081,0
0.4825,0.4563613127629211,0.35349559713150713,0.0,0.4399368873423199,0.07585818002124331,0.03971392633591081,0
0.485,0.46257015465625034,0.3557982275407071,0.0,0.43993688734231995,0.07585818002124331,0.039713926335910824,0
0.4875,0.4687906266262437,0.3580746954439097,0.0,0.43993688734232,0.07585818002124331,0.039713926335910824,0
0.49,0.47502081252106,0.36032435558664455,0.0,0.43993688734232006,0.07585818002124331,0.039713926335910844,0
0.4925,0.4812587841214648,0.3625466023915017,0.0,0.4399368873423201,0.07585818002124331,0.039713926335910844,0
0.495,0.4875026035157896,0.3647408703697482,0.0,0.43993688734232017,0.07585818002124331,0.03971392633591085,0
0.4975,0.49375032550048964,0.3669066344055162,0.0,0.4399368873423202,0.07585818002124331,0.03971392633591085,0
0.5,0.5,0.3690434099143446,0.0,0.4399368873423203,0.07585818002124331,0.03971392633591087,0
0.5025000000000001,0.5062496744995105,0.3711507528785155,0.0,0.43993688734232034,0.07585818002124331,0.03971392633591087,0
0.505,0.5124973964842103,0.3732282597622566,0.0,0.4399368873423204,0.07585818002124331,0.03971392633591089,0
0.5075000000000001,0.5187412158785354,0.37527556731046696,0.0,0.43993688734232045,0.07585818002124331,0.03971392633591089,0
0.51,0.52497918747894,0.37729235223516755,0.0,0.4399368873423205,0.07585818002124331,0.03971392633591089,0
0.5125,0.5312093733737562,0.3792783307943698,0.0,0.43993688734232056,0.07585818002124331,0.03971392633591089,0
0.515,0.5374298453437496,0.3812332582684962,0.0,0.43993688734232056,0.07585818002124331,0.03971392633591089,0
0.5175,0.5436386872370788,0.3831569283398776,0.0,0.43993688734232056,0.07585818002124331,0.03971392633591089,0
0.52,0.549833997312478,0.3850491723811861,0.0,0.43993688734232056,0.07585818002124331,0.03971392633591089,0
0.5225,0.5560138905446199,0.38690985865894045,0.0,0.43993688734232056,0.07585818002124331,0.03971392633591089,0
0.525,0.5621765008857982,0.3887388914584461,0.0,0.43993688734232056,0.07585818002124331,0.03971392633591089,0
0.5275,0.568319983478248,0.39053621013669726,0.0,0.43993688734232056,0.07585818002124331,0.03971392633591089,0
0.53,0.574442516811659,0.39230178810989214,0.0,0.43993688734232056,0.07585818002124331,0.03971392633591089,0
0.5325,0.5805423048206595,0.3940356317822665,0.0,0.43993688734232056,0.07585818002124331,0.03971392633591089,0
0.535,0.5866175789173301,0.3957377794229705,0.0,0.43993688734232056,0.07585818002124331,0.03971392633591089,0
0.5375,0.5926665999540697,0.3974082999976808,0.0,0.43993688734232056,0.07585818002124331,0.03971392633591089,0
0.54,0.5986876601124521,0.3990472919615572,0.0,0.43993688734232056,0.07585818002124331,0.03971392633591089,0
0.5425,0.6046790847140093,0.40065488202004074,0.0,0.43993688734232056,0.07585818002124331,0.03971392633591089,0
0.545,0.6106392339492221,0.4022312238638258,0.0,0.43993688734232056,0.07585818002124331,0.03971392633591089,0
0.5475,0.6165665045213193,0.4037764968841543,0.0,0.43993688734232056,0.07585818002124331,0.03971392633591089,0
0.55,0.6224593312018547,0.40529090487435726,0.0,0.43993688734232056,0.07585818002124331,0.03971392633591089,0
0.5525,0.6283161882953663,0.4067746747233133,0.0,0.43993688734232056,0.07585818002124331,0.03971392633591089,0
0.555,0.6341355910108007,0.4082280551062353,0.0,0.43993688734232056,0.07585818002124331,0.03971392633591089,0
0.5575,0.6399160967377341,0.409651315177891,0.0,0.43993688734232056,0.07585818002124331,0.03971392633591089,0
0.56,0.6456563062257956,0.41104474327307294,0.0,0.43993688734232056,0.07585818002124331,0.03971392633591089,0
0.5625,0.6513548646660542,0.4124086456187982,0.0,0.43993688734232056,0.07585818002124331,0.03971392633591089,0
0.5650000000000001,0.6570104626734988,0.4137433450624074,0.0,0.43993688734232056,0.07585818002124331,0.03971392633591089,0
0.5675,0.6626218371700825,0.4150491798193888,0.0,0.43993688734232056,0.07585818002124331,0.03971392633591089,0
0.5700000000000001,0.6681877721681663,0.4163265022444259,0.0,0.43993688734232056,0.07585818002124331,0.03971392633591089,0
0.5725,0.6737070994545215,0.4175756776288283,0.0,0.43993688734232056,0.07585818002124331,0.03971392633591089,0
0.5750000000000001,0.6791786991753931,0.4187970830271822,0.0,0.43993688734232056,0.07585818002124331,0.03971392633591089,0
0.5775,0.6846015003234307,0.4199911061157241,0.0,0.43993688734232056,0.07585818002124331,0.03971392633591089,0
0.58,0.6899744811276124,0.4211581440846258,0.0,0.43993688734232056,0.07585818002124331,0.03971392633591089,0
0.5825,0.6952966693475654,0.42229860256607876,0.0,0.43993688734232056,0.07585818002124331,0.03971392633591089,0
0.585,0.7005671424739729,0.42341289459975673,0.0,0.43993688734232056,0.07585818002124331,0.03971392633591089,0
0.5875,0.7057850278370114,0.4245014396369603,0.0,0.43993688734232056,0.07585818002124331,0.03971392633591089,0
0.59,0.7109495026250039,0.4255646625844737,0.0,0.43993688734232056,0.07585818002124331,0.03971392633591089,0
0.5925,0.7160597938157098,0.42660299288890846,0.0,0.43993688734232056,0.07585818002124331,0.03971392633591089,0
0.595,0.7211151780228631,0.4276168636620644,0.0,0.43993688734232056,0.07585818002124331,0.03971392633591089,0
0.5975,0.7261149812607792,0.42860671084762114,0.0,0.43993688734232056,0.07585818002124331,0.03971392633591089,0
0.6,0.7310585786300049,0.42957297242925263,0.0,0.43993688734232056,0.07585818002124331,0.03971392633591089,0
0.6025,0.7359453939271485,0.4305160876800759,0.0,0.43993688734232056,0.07585818002124331,0.03971392633591089,0
0.605,0.7407748991821539,0.43143649645316084,0.0,0.43993688734232056,0.07585818002124331,0.03971392633591089,0
0.6075,0.7455466141264028,0.4323346385126695,0.0,0.43993688734232056,0.07585818002124331,0.03971392633591089,0
0.61,0.7502601055951177,0.43321095290504286,0.0,0.43993688734232056,0.07585818002124331,0.03971392633591089,0
0.6125,0.7549149868676284,0.43406587736953883,0.0,0.43993688734232056,0.07585818002124331,0.03971392633591089,0
0.615,0.759510916949111,0.4348998477872851,0.0,0.43993688734232056,0.07585818002124331,0.03971392633591089,0
0.6175,0.7640475997974662,0.43571329766793443,0.0,0.43993688734232056,0.07585818002124331,0.03971392633591089,0
0.62,0.7685247834990175,0.43650665767290386,0.0,0.43993688734232056,0.07585818002124331,0.03971392633591089,0
0.6225,0.7729422593967386,0.43728035517411923,0.0,0.43993688734232056,0.07585818002124331,0.03971392633591089,0
0.625,0.7772998611746911,0.43803481384711007,0.0,0.43993688734232056,0.07585818002124331,0.03971392633591089,0
0.6275000000000001,0.7815974639023656,0.4387704532972644,0.0,0.43993688734232056,0.07585818002124331,0.03971392633591089,0
0.63,0.7858349830425586,0.43948768871800026,0.0,0.43993688734232056,0.07585818002124331,0.03971392633591089,0
0.6325000000000001,0.7900123734263976,0.44018693057958747,0.0,0.43993688734232056,0.07585818002124331,0.03971392633591089,0
0.635,0.7941296281990528,0.44086858434733245,0.0,0.43993688734232056,0.07585818002124331,0.03971392633591089,0
0.6375000000000001,0.7981867777396213,0.44153305022782374,0.0,0.43993688734232056,0.07585818002124331,0.03971392633591089,0
0.64,0.8021838885585818,0.44218072294193267,0.0,0.43993688734232056,0.07585818002124331,0.03971392633591089,0
0.6425,0.80612106217614,0.4428119915232688,0.0,0.43993688734232056,0.07585818002124331,0.03971392633591089,0
0.645,0.8099984339846871,0.44342723914079196,0.0,0.43993688734232056,0.07585818002124331,0.03971392633591089,0
0.6475,0.8138161720984914,0.44402684294430406,0.0,0.43993688734232056,0.07585818002124331,0.03971392633591089,0
0.65,0.8175744761936437,0.4446111739315598,0.0,0.43993688734232056,0.07585818002124331,0.03971392633591089,0
0.6525,0.8212735763411494,0.44518059683575817,0.0,0.43993688734232056,0.07585818002124331,0.03971392633591089,0
0.655,0.8249137318359602,0.4457354700322059,0.0,0.43993688734232056,0.07585818002124331,0.03971392633591089,0
0.6575,0.828495230024599,0.44627614546297434,0.0,0.43993688734232056,0.07585818002124331,0.03971392633591089,0
0.66,0.8320183851339246,0.4468029685784046,0.0,0.43993688734232056,0.07585818002124331,0.03971392633591089,0
0.6625,0.8354835371034367,0.4473162782943504,0.0,0.43993688734232056,0.07585818002124331,0.03971392633591089,0
0.665,0.8388910504234147,0.44781640696408653,0.0,0.43993688734232056,0.07585818002124331,0.03971392633591089,0
0.6675,0.84224131298103,0.4483036803638504,0.0,0.43993688734232056,0.07585818002124331,0.03971392633591089,0
0.67,0.8455347349164655,0.448778417691022,0.0,0.43993688734232056,0.07585818002124331,0.03971392633591089,0
0.6725,0.8487717474909258,0.44924093157399125,0.0,0.43993688734232056,0.07585818002124331,0.03971392633591089,0
0.675,0.8519528019683106,0.44969152809279833,0.0,0.43993688734232056,0.07585818002124331,0.03971392633591089,0
0.6775,0.8550783685121771,0.4501305068096789,0.0,0.43993688734232056,0.07585818002124331,0.03971392633591089,0
0.68,0.8581489350995123,0.45055816080868427,0.0,0.43993688734232056,0.07585818002124331,0.03971392633591089,0
0.6825,0.8611650064526928,0.45097477674358777,0.0,0.43993688734232056,0.07585818002124331,0.03971392633591089,0
0.685,0.8641271029909058,0.45138063489332747,0.0,0.43993688734232056,0.07585818002124331,0.03971392633591089,0
0.6875,0.8670357598021706,0.4517760092242816,0.0,0.43993688734232056,0.07585818002124331,0.03971392633591089,0
0.6900000000000001,0.8698915256370023,0.4521611674587004,0.0,0.43993688734232056,0.07585818002124331,0.03971392633591089,0
0.6925,0.8726949619246283,0.4525363711486684,0.0,0.43993688734232056,0.07585818002124331,0.03971392633591089,0
0.6950000000000001,0.8754466418125837,0.4529018757549991,0.0,0.43993688734232056,0.07585818002124331,0.03971392633591089,0
0.6975,0.878147149230382,0.4532579307305046,0.0,0.43993688734232056,0.07585818002124331,0.03971392633591089,0
0.7000000000000001,0.8807970779778825,0.45360477960711487,0.0,0.43993688734232056,0.07585818002124331,0.03971392633591089,0
0.7025,0.8833970308388606,0.4539426600863584,0.0,0.43993688734232056,0.07585818002124331,0.03971392633591089,0
0.705,0.8859476187202091,0.45427180413274104,0.0,0.43993688734232056,0.07585818002124331,0.03971392633591089,0
0.7075,0.8884494598171035,0.4545924380696006,0.0,0.43993688734232056,0.07585818002124331,0.03971392633591089,0
0.71,0.8909031788043871,0.4549047826770357,0.0,0.43993688734232056,0.07585818002124331,0.03971392633591089,0
0.7125,0.8933094060543487,0.45520905329153905,0.0,0.43993688734232056,0.07585818002124331,0.03971392633591089,0
0.715,0.8956687768809987,0.4555054599069971,0.0,0.43993688734232056,0.07585818002124331,0.03971392633591089,0
0.7175,0.8979819308108695,0.4557942072767306,0.0,0.43993688734232056,0.07585818002124331,0.03971392633591089,0
0.72,0.9002495108803148,0.4560754950162914,0.0,0.43993688734232056,0.07585818002124331,0.03971392633591089,0
0.7225,0.9024721629592075,0.45634951770674326,0.0,0.43993688734232056,0.07585818002124331,0.03971392633591089,0
0.725,0.9046505351008906,0.456616464998176,0.0,0.43993688734232056,0.07585818002124331,0.03971392633591089,0
0.7275,0.9067852769181763,0.4568765217132319,0.0,0.43993688734232056,0.07585818002124331,0.03971392633591089,0
0.73,0.9088770389851438,0.4571298679504311,0.0,0.43993688734232056,0.07585818002124331,0.03971392633591089,0
0.7325,0.9109264722644368,0.45737667918711333,0.0,0.43993688734232056,0.07585818002124331,0.03971392633591089,0
0.735,0.9129342275597286,0.45761712638181884,0.0,0.43993688734232056,0.07585818002124331,0.03971392633591089,0
0.7375,0.9149009549929797,0.4578513760759563,0.0,0.43993688734232056,0.07585818002124331,0.03971392633591089,0
0.74,0.9168273035060777,0.45807959049461655,0.0,0.43993688734232056,0.07585818002124331,0.03971392633591089,0
0.7425,0.9187139203864272,0.4583019276464083,0.0,0.43993688734232056,0.07585818002124331,0.03971392633591089,0
0.745,0.9205614508160216,0.45851854142219917,0.0,0.43993688734232056,0.07585818002124331,0.03971392633591089,0
0.7475,0.9223705374435117,0.4587295816926672,0.0,0.43993688734232056,0.07585818002124331,0.03971392633591089,0
0.75,0.9241418199787566,0.45893519440456954,0.0,0.43993688734232056,0.07585818002124331,0.03971392633591089,0
0.7525000000000001,0.9258759348093368,0.45913552167565375,0.0,0.43993688734232056,0.07585818002124331,0.03971392633591089,0
0.755,0.9275735146384823,0.45933070188814484,0.0,0.43993688734232056,0.07585818002124331,0.03971392633591089,0
0.7575000000000001,0.9292351881438593,0.45952086978074325,0.0,0.43993688734232056,0.07585818002124331,0.03971392633591089,0
0.76,0.9308615796566533,0.45970615653909397,0.0,0.43993688734232056,0.07585818002124331,0.03971392633591089,0
0.7625000000000001,0.9324533088603709,0.45988668988467485,0.0,0.43993688734232056,0.07585818002124331,0.03971392633591089,0
0.765,0.9340109905087812,0.4600625941620756,0.0,0.43993688734232056,0.07585818002124331,0.03971392633591089,0
0.7675000000000001,0.9355352341624104,0.4602339904246392,0.0,0.43993688734232056,0.07585818002124331,0.03971392633591089,0
0.77,0.9370266439430035,0.4604009965184398,0.0,0.43993688734232056,0.07585818002124331,0.03971392633591089,0
0.7725,0.9384858183053655,0.46056372716458494,0.0,0.43993688734232056,0.07585818002124331,0.03971392633591089,0
0.775,0.9399133498259924,0.46072229403983134,0.0,0.43993688734232056,0.07585818002124331,0.03971392633591089,0
0.7775,0.9413098250079087,0.46087680585550295,0.0,0.43993688734232056,0.07585818002124331,0.03971392633591089,0
0.78,0.9426758241011313,0.4610273684347169,0.0,0.43993688734232056,0.07585818002124331,0.03971392633591089,0
0.7825,0.9440119209381783,0.4611740847879121,0.0,0.43993688734232056,0.07585818002124331,0.03971392633591089,0
0.785,0.9453186827840592,0.46131705518669197,0.0,0.43993688734232056,0.07585818002124331,0.03971392633591089,0
0.7875,0.9465966702001757,0.46145637723598376,0.0,0.43993688734232056,0.07585818002124331,0.03971392633591089,0
0.79,0.9478464369215823,0.4615921459445319,0.0,0.43993688734232056,0.07585818002124331,0.03971392633591089,0
0.7925,0.9490685297470565,0.4617244537937367,0.0,0.43993688734232056,0.07585818002124331,0.03971392633591089,0
0.795,0.9502634884414434,0.46185339080485377,0.0,0.43993688734232056,0.07585818002124331,0.03971392633591089,0
0.7975,0.9514318456497438,0.4619790446045736,0.0,0.43993688734232056,0.07585818002124331,0.03971392633591089,0
0.8,0.9525741268224334,0.4621015004890042,0.0,0.43993688734232056,0.07585818002124331,0.03971392633591089,0
0.8025,0.9536908501514997,0.4622208414860721,0.0,0.43993688734232056,0.07585818002124331,0.03971392633591089,0
0.805,0.9547825265167125,0.4623371484163722,0.0,0.43993688734232056,0.07585818002124331,0.03971392633591089,0
0.8075,0.9558496594416355,0.46245049995248555,0.0,0.43993688734232056,0.07585818002124331,0.03971392633591089,0
0.81,0.9568927450589139,0.46256097267679175,0.0,0.43993688734232056,0.07585818002124331,0.03971392633591089,0
0.8125,0.9579122720843811,0.46266864113780504,0.0,0.43993688734232056,0.07585818002124331,0.03971392633591089,0
0.8150000000000001,0.958908721799535,0.4627735779050556,0.0,0.43993688734232056,0.07585818002124331,0.03971392633591089,0
0.8175,0.9598825680419544,0.462875853622548,0.0,0.43993688734232056,0.07585818002124331,0.03971392633591089,0
0.8200000000000001,0.9608342772032357,0.4629755370608243,0.0,0.43993688734232056,0.07585818002124331,0.03971392633591089,0
0.8225,0.9617643082340419,0.4630726951676566,0.0,0.43993688734232056,0.07585818002124331,0.03971392633591089,0
0.8250000000000001,0.9626731126558706,0.4631673931174022,0.0,0.43993688734232056,0.07585818002124331,0.03971392633591089,0
0.8275,0.9635611345791598,0.46325969435904557,0.0,0.43993688734232056,0.07585818002124331,0.03971392633591089,0
0.8300000000000001,0.9644288107273639,0.463349660662962,0.0,0.43993688734232056,0.07585818002124331,0.03971392633591089,0
0.8325,0.9652765704666424,0.46343735216642334,0.0,0.43993688734232056,0.07585818002124331,0.03971392633591089,0
0.835,0.9661048358408219,0.46352282741788275,0.0,0.43993688734232056,0.07585818002124331,0.03971392633591089,0
0.8375,0.9669140216112958,0.46360614342006123,0.0,0.43993688734232056,0.07585818002124331,0.03971392633591089,0
0.84,0.9677045353015494,0.46368735567186714,0.0,0.43993688734232056,0.07585818002124331,0.03971392633591089,0
0.8425,0.9684767772459986,0.463766518209176,0.0,0.43993688734232056,0.07585818002124331,0.03971392633591089,0
0.845,0.969231140642852,0.46384368364449957,0.0,0.43993688734232056,0.07585818002124331,0.03971392633591089,0
0.8475,0.9699680116107118,0.46391890320556894,0.0,0.43993688734232056,0.07585818002124331,0.03971392633591089,0
0.85,0.9706877692486436,0.4639922267728612,0.0,0.43993688734232056,0.07585818002124331,0.03971392633591089,0
0.8525,0.9713907856994539,0.4640637029160978,0.0,0.43993688734232056,0.07585818002124331,0.03971392633591089,0
0.855,0.9720774262159271,0.4641333789297367,0.0,0.43993688734232056,0.07585818002124331,0.03971392633591089,0
0.8575,0.972748049229784,0.46420130086748757,0.0,0.43993688734232056,0.07585818002124331,0.03971392633591089,0
0.86,0.973403006423134,0.46426751357587503,0.0,0.43993688734232056,0.07585818002124331,0.03971392633591089,0
0.8625,0.9740426428022031,0.46433206072687605,0.0,0.43993688734232056,0.07585818002124331,0.03971392633591089,0
0.865,0.9746672967731284,0.464394984849651,0.0,0.43993688734232056,0.07585818002124331,0.03971392633591089,0
0.8675,0.9752773002196243,0.46445632736140163,0.0,0.43993688734232056,0.07585818002124331,0.03971392633591089,0
0.87,0.9758729785823308,0.4645161285973688,0.0,0.43993688734232056,0.07585818002124331,0.03971392633591089,0
0.8725,0.9764546509396596,0.4645744278400036,0.0,0.43993688734232056,0.07585818002124331,0.03971392633591089,0
0.875,0.9770226300899744,0.4646312633473263,0.0,0.43993688734232056,0.07585818002124331,0.03971392633591089,0
0.8775000000000001,0.9775772226349374,0.4646866723804993,0.0,0.43993688734232056,0.07585818002124331,0.03971392633591089,0
0.88,0.9781187290638694,0.46474069123063544,0.0,0.43993688734232056,0.07585818002124331,0.03971392633591089,0
0.8825000000000001,0.9786474438389795,0.4647933552448621,0.0,0.43993688734232056,0.07585818002124331,0.03971392633591089,0
0.885,0.9791636554813196,0.46484469885166135,0.0,0.43993688734232056,0.07585818002124331,0.03971392633591089,0
0.8875000000000001,0.9796676466573414,0.4648947555855073,0.0,0.43993688734232056,0.07585818002124331,0.03971392633591089,0
0.89,0.9801596942659225,0.46494355811082044,0.0,0.43993688734232056,0.07585818002124331,0.03971392633591089,0
0.8925000000000001,0.9806400695257524,0.4649911382452555,0.0,0.43993688734232056,0.07585818002124331,0.03971392633591089,0
0.895,0.9811090380629609,0.4650375269823469,0.0,0.43993688734232056,0.07585818002124331,0.03971392633591089,0
0.8975,0.9815668599988902,0.4650827545135222,0.0,0.43993688734232056,0.07585818002124331,0.03971392633591089,0
0.9,0.9820137900379085,0.46512685024950884,0.0,0.43993688734232056,0.07585818002124331,0.03971392633591089,0
0.9025,0.9824500775551757,0.4651698428411487,0.0,0.43993688734232056,0.07585818002124331,0.03971392633591089,0
0.905,0.9828759666842724,0.46521176019963206,0.0,0.43993688734232056,0.07585818002124331,0.03971392633591089,0
0.9075,0.9832916964046118,0.4652526295161793,0.0,0.43993688734232056,0.07585818002124331,0.03971392633591089,0
0.91,0.9836975006285591,0.46529247728117074,0.0,0.43993688734232056,0.07585818002124331,0.03971392633591089,0
0.9125,0.9840936082881853,0.46533132930275556,0.0,0.43993688734232056,0.07585818002124331,0.03971392633591089,0
0.915,0.9844802434215911,0.46536921072494264,0.0,0.43993688734232056,0.07585818002124331,0.03971392633591089,0
0.9175,0.9848576252587378,0.46540614604519515,0.0,0.43993688734232056,0.07585818002124331,0.03971392633591089,0
0.92,0.9852259683067269,0.4654421591315391,0.0,0.43993688734232056,0.07585818002124331,0.03971392633591089,0
0.9225,0.985585482434479,0.4654772732392042,0.0,0.43993688734232056,0.07585818002124331,0.03971392633591089,0
0.925,0.9859363729567544,0.4655115110268032,0.0,0.43993688734232056,0.07585818002124331,0.03971392633591089,0
0.9275,0.9862788407174811,0.4655448945720718,0.0,0.43993688734232056,0.07585818002124331,0.03971392633591089,0
0.93,0.9866130821723351,0.4655774453871738,0.0,0.43993688734232056,0.07585818002124331,0.03971392633591089,0
0.9325,0.9869392894705469,0.46560918443358734,0.0,0.43993688734232056,0.07585818002124331,0.03971392633591089,0
0.935,0.9872576505358884,0.4656401321365863,0.0,0.43993688734232056,0.07585818002124331,0.03971392633591089,0
0.9375,0.9875683491468141,0.4656703083993242,0.0,0.43993688734232056,0.07585818002124331,0.03971392633591089,0
0.9400000000000001,0.9878715650157257,0.4656997326165332,0.0,0.43993688734232056,0.07585818002124331,0.03971392633591089,0
0.9425,0.9881674738673312,0.46572842368785106,0.0,0.43993688734232056,0.07585818002124331,0.03971392633591089,0
0.9450000000000001,0.9884562475160777,0.4657564000307858,0.0,0.43993688734232056,0.07585818002124331,0.03971392633591089,0
0.9475,0.9887380539426343,0.4657836795933258,0.0,0.43993688734232056,0.07585818002124331,0.03971392633591089,0
0.9500000000000001,0.9890130573694068,0.46581027986620904,0.0,0.43993688734232056,0.07585818002124331,0.03971392633591089,0
0.9525,0.9892814183350669,0.46583621789485974,0.0,0.43993688734232056,0.07585818002124331,0.03971392633591089,0
0.9550000000000001,0.9895432937680818,0.46586151029100076,0.0,0.43993688734232056,0.07585818002124331,0.03971392633591089,0
0.9575,0.9897988370592303,0.4658861732439529,0.0,0.43993688734232056,0.07585818002124331,0.03971392633591089,0
0.96,0.9900481981330957,0.46591022253162795,0.0,0.43993688734232056,0.07585818002124331,0.03971392633591089,0
0.9625,0.9902915235185259,0.4659336735312266,0.0,0.43993688734232056,0.07585818002124331,0.03971392633591089,0
0.965,0.9905289564180538,0.46595654122964614,0.0,0.43993688734232056,0.07585818002124331,0.03971392633591089,0
0.9675,0.9907606367762712,0.4659788402336097,0.0,0.43993688734232056,0.07585818002124331,0.03971392633591089,0
0.97,0.990986701347152,0.466000584779524,0.0,0.43993688734232056,0.07585818002124331,0.03971392633591089,0
0.9725,0.9912072837603251,0.466021788743069,0.0,0.43993688734232056,0.07585818002124331,0.03971392633591089,0
0.975,0.991422514586288,0.4660424656485359,0.0,0.43993688734232056,0.07585818002124331,0.03971392633591089,0
0.9775,0.9916325214005703,0.46606262867790893,0.0,0.43993688734232056,0.07585818002124331,0.03971392633591089,0
0.98,0.9918374288468401,0.4660822906797112,0.0,0.43993688734232056,0.07585818002124331,0.03971392633591089,0
0.9825,0.9920373586989583,0.4661014641776081,0.0,0.43993688734232056,0.07585818002124331,0.03971392633591089,0
0.985,0.9922324299219849,0.4661201613787852,0.0,0.43993688734232056,0.07585818002124331,0.03971392633591089,0
0.9875,0.9924227587321393,0.4661383941821028,0.0,0.43993688734232056,0.07585818002124331,0.03971392633591089,0
0.99,0.9926084586557181,0.4661561741860313,0.0,0.43993688734232056,0.07585818002124331,0.03971392633591089,0
0.9925,0.992789640586981,0.46617351269637786,0.0,0.43993688734232056,0.07585818002124331,0.03971392633591089,0
0.995,0.9929664128450049,0.46619042073380823,0.0,0.43993688734232056,0.07585818002124331,0.03971392633591089,0
0.9975,0.9931388812295173,0.4662069090411679,0.0,0.43993688734232056,0.07585818002124331,0.03971392633591089,0
1.0,0.9933071490757153,0.46622298809061047,0.0,0.43993688734232056,0.07585818002124331,0.03971392633591089,0