lambda,MToC_retention_t5,MToC_retention_auc,HOT_peak_h,HOT_duration_h_gt_0.5,HOT_auc,GNWT_peak_w,GNWT_peak_G,GNWT_high_access
0.1,1.0000000000000004e-05,1.1111111111111107,0.3998361731340056,0,1.5735418612155052,0.0054640031591204384,0.007020237382566493,0
0.10497206703910615,1.27458483106963e-05,1.1172835653205169,0.3998361731340056,0,1.5765444278242298,0.0054640031591204384,0.007020237382566493,0
0.1099441340782123,1.60642448713896e-05,1.1235249811699726,0.3998361731340056,0,1.579715526469286,0.0054640031591204384,0.007020237382566493,0
0.11491620111731844,2.004039621211473e-05,1.129836520860948,0.3998361731340056,0,1.5830631229301875,0.0054640031591204384,0.007020237382566493,0
0.11988826815642459,2.476757194741867e-05,1.1362193728576868,0.3998361731340056,0,1.586595442745765,0.0054640031591204384,0.007020237382566493,0
0.12486033519553073,3.0347469417885743e-05,1.142674752633259,0.3998361731340056,0,1.5903209639095497,0.0054640031591204384,0.007020237382566493,0
0.12983240223463688,3.6890578331662807e-05,1.1492039034411914,0.3998361731340056,0,1.5942484071938594,0.0054640031591204384,0.007020237382566493,0
0.134804469273743,4.4516545405984426e-05,1.1558080971137086,0.3998361731340056,0,1.5983867238613982,0.0054640031591204384,0.007020237382566493,0
0.13977653631284917,5.335453900869819e-05,1.162488634887648,0.3998361731340056,0,1.6027450805170584,0.0054640031591204384,0.007020237382566493,0
0.14474860335195533,6.354361379978968e-05,1.1692468482591938,0.3998361731340056,0,1.6073328408493763,0.0054640031591204384,0.007020237382566493,0
0.14972067039106146,7.523307537290779e-05,1.176084099868594,0.3998361731340056,0,1.612159544011458,0.005464572978885837,0.00702026518407473,0
0.1546927374301676,8.858284489688997e-05,1.1830017844160992,0.3998361731340056,0,1.6172348793958293,0.005495196095016686,0.0070217594468074875,0
0.15966480446927375,0.00010376382375728752,1.1900013296104242,0.3998361731340056,0,1.6225686575674145,0.0055279764561044645,0.007023359322767123,0
0.1646368715083799,0.0001209582581978904,1.1970841971510735,0.3998361731340056,0,1.6281707771345313,0.005563078595385427,0.00702507291652113,0
0.16960893854748604,0.0001403601039622526,1.2042518837459635,0.3998361731340056,0,1.6340511873602228,0.0056006806154700346,0.007026909008325916,0
0.17458100558659218,0.0001621753909352176,1.2115059221658209,0.3998361731340056,0,1.6402198463463735,0.005640975340728904,0.0070288771126849866,0
0.17955307262569833,0.00018662258778444346,1.2188478823369195,0.3998361731340056,0,1.6466866746616353,0.0056841715570776575,0.007030987541568985,0
0.1845251396648045,0.00021393296660192763,1.2262793724737961,0.3998361731340056,0,1.6534615043320855,0.005730495342105398,0.007033251472508181,0
0.18949720670391063,0.0002443509675455323,1.2338020402536534,0.3998361731340056,0,1.660554023171397,0.005780191487575367,0.007035681021734104,0
0.19446927374301676,0.00027813456348051006,1.2414175740342606,0.3998361731340056,0,1.667973714495687,0.005833525015101589,0.007038289322499206,0
0.19944134078212292,0.00031555562462102897,1.2491277041172366,0.3998361731340056,0,1.6757297923475127,0.005890782784213707,0.007041090608639738,0
0.20441340782122908,0.0003569002831716968,1.2569342040587037,0.3998361731340056,0,1.6838311324437374,0.0059522751899985914,0.007044100303363765,0
0.2093854748603352,0.0004024692979690873,1.2648388920293951,0.3998361731340056,0,1.692286199163073,0.006018337944982427,0.007047335113139963,0
0.21435754189944134,0.0004525784191232653,1.2728436322264096,0.3998361731340056,0,1.701102969000318,0.006089333936816513,0.007050813126430929,0
0.2193296089385475,0.0005075587526593116,1.2809503363389152,0.3998361731340056,0,1.7102888510347267,0.006165655149579412,0.007054553916851836,0
0.22430167597765366,0.0005677571251588478,1.2891609650702196,0.3998361731340056,0,1.7198506050879203,0.006247724632033642,0.0070585786501393315,0
0.2292737430167598,0.0006335364484015622,1.2974775297187588,0.3998361731340056,0,1.7297942583802892,0.006335998490909508,0.007062910194081519,0
0.23424581005586595,0.0007052760840067349,1.3059020938206756,0.3998361731340056,0,1.7401250216311936,0.006430967881177028,0.007067573230285287,0
0.23921787709497208,0.0007833722080747619,1.3144367748568073,0.3998361731340056,0,1.7508472056842312,0.006533160958273027,0.007072594366339164,0
0.2441899441340782,0.0008682381758286826,1.3230837460270528,0.3998361731340056,0,1.7619641398705435,0.006643144749367765,0.007078002246566917,0
0.24916201117318437,0.000960304886255703,1.3318452380952381,0.3998361731340056,0,1.7734780934461694,0.006761526892015724,0.007083827659159046,0
0.2541340782122905,0.0010600211467487203,1.3407235413077672,0.3998361731340056,0,1.7853902015490035,0.006888957179023431,0.007090103637018623,0
0.25910614525139664,0.0011678540377478514,1.349721007389534,0.3998361731340056,0,1.7977003972117744,0.007026128838233377,0.007096865549168566,0
0.26407821229050277,0.0012842892773819543,1.3588400516207393,0.3998361731340056,0,1.8104073510342533,0.0071737794653978755,0.007104151179048212,0
0.26905027932960895,0.001409831586110157,1.3680831549984713,0.3998361731340056,0,1.8235084201552814,0.007332691517725805,0.007112000785489371,0
0.27402234636871514,0.0015450050513633779,1.3774528664871108,0.3998361731340056,0,1.8369996081680928,0.007503692265461147,0.007120457141622386,0
0.2789944134078213,0.001690353492185854,1.3869518053618475,0.3998361731340056,0,1.8508755375862025,0.0076876530895457285,0.007129565546443295,0
0.2839664804469274,0.0018464408238766676,1.39658266364984,0.3998361731340056,0,1.8651294363880806,0.007885488005700955,0.0071393738033004,0
0.28893854748603354,0.00201385142263127,1.4063482086737902,0.3998361731340056,0,1.8797531400442988,0.00809815128992506,0.007149932159165447,0
0.29391061452513967,0.0021931904901830042,1.416251285702983,0.3998361731340056,0,1.8947371102594839,0.008326634078337353,0.0071612931982787415,0
0.2988826815642458,0.0023850844184446344,1.4262948207171315,0.3998361731340056,0,1.910070471443604,0.008571959816481164,0.007173511683641687,0
0.30385474860335193,0.002590181154149868,1.4364818232886605,0.3998361731340056,0,1.9257410656649658,0.008835178440629227,0.007186644339918726,0
0.3088268156424581,0.002809150563494885,1.4468153895893954,0.3998361731340056,0,1.941735526534861,0.009117359187302377,0.007200749571650816,0
0.3137988826815643,0.0030426847967798556,1.4572987055279656,0.3998361731340056,0,1.9580393721371236,0.009419581947996844,0.0072158871113183875,0
0.31877094972067044,0.003291498653050467,1.4679350500246025,0.4028593406218679,0,1.9746371167527172,0.009742927114707816,0.00723211759276231,0
0.32374301675977657,0.00355632994473946,1.4787277984304008,0.4086514353755253,0,1.9915124007495022,0.010088463898633071,0.007249502046807921,0
0.3287150837988827,0.0038379398623081427,1.4896804260985357,0.4144977648435031,0,2.008648137621366,0.010457237149431227,0.007268101317655115,0
0.33368715083798883,0.0041371133388879155,1.5007965121153688,0.42038855662671337,0,2.0260266767807913,0.010850252755079018,0.007287975400697049,0
0.33865921787709496,0.004454659414921802,1.5120797431998647,0.4263137299988873,0,2.043629980347019,0.01126846176160862,0.007309182704886959,0
0.3436312849162011,0.004791411602805974,1.5235339177802365,0.432262963394486,0,2.06143981184032,0.01171274341604331,0.007331779245539162,0
0.3486033519553073,0.0051482282515312745,1.53516295025729,0.43822576545613245,0,2.0794379344030975,0.012183887402251826,0.007355817776450123,0
0.35357541899441347,0.005525992911324735,1.5469708754645235,0.4441915486168986,0,2.0976063159306686,0.012682575605145654,0.00738134687335521,0
0.3585474860335196,0.005925614698291111,1.5589618533356562,0.4501497041281715,0,2.115927338317028,0.013209363800063939,0.007408409983866671,0
0.36351955307262573,0.006348028659054408,1.571140173790924,0.4560896774066768,0,2.134384007909699,0.013764663717398762,0.00743704446201752,0
0.36849162011173187,0.006794196135399406,1.5835102618542107,0.46200104256600316,0,2.1529601642263785,0.014348725973475814,0.007467280608198458,0
0.373463687150838,0.007265105128913178,1.5960766830138209,0.4678735750189874,0,2.1716406840150873,0.014961624383582357,0.007499140737449735,0
0.37843575418994413,0.0077617706656266175,1.6088441488405536,0.47369732108673734,0,2.1904116778367513,0.015603242178502083,0.007532638300590822,0
0.38340782122905026,0.008285235160655968,1.6218175228775933,0.47946266362599,0,2.2092606765095644,0.01627326062950305,0.007567777083390609,0
0.3883798882681564,0.00883656878284435,1.6350018268176834,0.48516038278598256,0,2.228176804970773,0.01697115054710058,0.007604550508781241,0
0.39335195530726264,0.009416869819403283,1.6484022469840687,0.49078171112531066,0,2.2471509413742075,0.01769616705613047,0.007642941065924308,0
0.39832402234636877,0.010027265040554185,1.662024141132776,0.4963183824539522,0,2.266175859540049,0.018447347965271328,0.007682919887723329,0
0.4032960893854749,0.010668910064169946,1.6758730455949815,0.5017626739109508,1,2.2852463531951113,0.019223515946212872,0.007724446495173713,0
0.40826815642458103,0.01134298972041643,1.689954682779456,0.5071074409391783,1,2.3043593407751044,0.020023284620621487,0.00776746872284131,0
0.41324022346368716,0.012050718416393989,1.7042749690564594,0.5123461449702265,1,2.32351394989321,0.02084506852746895,0.007811922834911724,0
0.4182122905027933,0.012793340500779007,1.7188400230458982,0.5174728737801445,1,2.3427115809007617,0.02168709681546245,0.007857733835851505,0
0.4231843575418994,0.013572130628465412,1.7336561743341385,0.5224823546162677,1,2.3619559492664477,0.022547430381836042,0.007904815974005054,0
0.42815642458100556,0.014388394125206209,1.7487299726455616,0.5273699603231828,1,2.381253106772479,0.023423982066016903,0.007953073430677296,0
0.4331284916201118,0.01524346735225502,1.7640681974967922,0.5321317088090858,1,2.400611441764018,0.024314539410376746,0.00800240118168756,0
0.43810055865921793,0.016138718071007533,1.7796778683634837,0.5367642562903038,1,2.420041658888584,0.025216789425038844,0.00805268601328141,0
0.44307262569832406,0.017075545807643144,1.7955662553917013,0.5412648848302707,1,2.4395567389242965,0.02612834474275997,0.00810380766988211,0
0.4480446927374302,0.018055382217766404,1.8117408906882388,0.5456314847491838,1,2.459171879421167,0.027046770524892298,0.008155640107640829,0
0.4530167597765363,0.019079691451048573,1.828209580226707,0.5498625325221026,1,2.4789044169720693,0.02796961148038771,0.008208052825238427,0
0.45798882681564246,0.020149970515869114,1.8449804164089378,0.5539570648070848,1,2.498773731995236,0.028894418385245247,0.008260912241978962,0
0.4629608938547486,0.021267749643957272,1.8620617913241706,0.5579146492523753,1,2.518801136955849,0.029818773536933175,0.008314083092911144,0
0.4679329608938547,0.02243459265503354,1.8794624107516644,0.561735352724299,1,2.5390097489895416,0.030740314643335532,0.008367429811475554,0
0.47290502793296096,0.023652097321451255,1.8971913089558292,0.5654197075772788,1,2.559424347925489,0.031656756724218936,0.008420817871907845,0
0.4778770949720671,0.024921895732837988,1.9152578643267,0.5689686765563933,1,2.580071220752094,0.03256591169033367,0.008474115066194202,0
0.4828491620111732,0.026245654660737257,1.9336718159226503,0.5723836168832422,1,2.60097799363488,0.03346570535633736,0.008527192693607029,0
0.48782122905027936,0.02762507592324991,1.9524432809766503,0.5756662440297237,1,2.622173452694697,0.034651779015462306,0.00859766137849283,0
0.4927932960893855,0.029061896749675714,1.9715827734321942,0.5788185956336557,1,2.6436873548943858,0.03598759750791042,0.008677718213370081,0
0.4977653631284916,0.030557890145154858,1.9911012235802439,0.5818429959568565,1,2.6655502305715952,0.03736946638850315,0.008761312343580754,0
0.5027374301675978,0.032114865255309474,2.0110099988742554,0.5847420212319878,1,2.687793179400444,0.03880133554173296,0.008848773046286135,0
0.5077094972067039,0.03373466773088519,2.031320926006579,0.5875184661906,1,2.7104476618679807,0.0402877044410861,0.008940477863808267,0
0.5126815642458101,0.03541918009239265,2.0520463143363137,0.5901753120125945,1,2.733545288712127,0.04183363965806008,0.009036856806082478,0
0.5176536312849163,0.03717032209474893,2.0731989807661315,0.5927156958876937,1,2.757117611180659,0.04344478439561653,0.009138396541870689,0
0.5226256983240224,0.038990051091919276,2.094792276173715,0.5951428823332267,1,2.7811959154254433,0.045127357971929356,0.009245644491454423,0
0.5275977653631285,0.04088036240155844,2.1168401135123434,0.597460236370109,1,2.8058110248263244,0.04688814281374962,0.009359212703455475,0
0.5325698324022347,0.04284328966965233,2.139356997704889,0.5996711986206643,1,2.8309931145225846,0.048734456155857225,0.009479781362039476,0
0.5375418994413408,0.04488090523515946,2.1623580574662142,0.6017792623580517,1,2.856771542888174,0.0506741033187978,0.009608101727937772,0
0.5425139664804469,0.04699532049465245,2.1858590792006494,0.6037879525075823,1,2.8831747050856578,0.05271530919865047,0.009744998267850502,0
0.547486033519553,0.04918868626695969,2.2098765431341425,0.6057008065749967,2,2.9102299141335086,0.054866624510171116,0.009891369672937802,0
0.5524581005586593,0.05146319315780676,2.2344276618548626,0.6075213574557051,2,2.9379633150790183,0.057136803450805906,0.010048188410291526,0
0.5574301675977654,0.053821071924457814,2.2595304214516174,0.6092531180617611,2,2.966399837840042,0.05953464987935217,0.010216498394776657,0
0.5624022346368716,0.05626459384035746,2.2852036254566874,0.6108995676896999,2,2.995563194019855,0.06206882991384949,0.010397410317252564,0
0.5673743016759777,0.058796071059771984,2.3114669418186384,0.6124641400419542,2,3.025475922471882,0.06474765012546616,0.010592094125536935,0
0.5723463687150838,0.06141785698243102,2.338340953151642,0.613950212807051,2,3.0561594875652407,0.06757880229349304,0.010801768135103678,0
0.57731843575419,0.064132346618169,2.3658472105310127,0.6153610986988346,2,3.0876344329608982,0.07056907800532575,0.0110276842578069,0
0.5822905027932961,0.0669419769515667,2.3940082911303455,0.616700037852203,2,3.119920592252008,0.07372405918763414,0.011271108890721623,0
0.5872625698324022,0.06984922730659285,2.422847860024023,0.6179701914719921,2,3.15303735607192,0.077047793813195,0.011533299115824281,0
0.5922346368715085,0.07285661971124557,2.4523907365104316,0.6191746366323522,2,3.1870039932745557,0.08054246931988149,0.011815474036016415,0
0.5972067039106146,0.07596671926219373,2.482662965346237,0.6203163621259821,2,3.221840021615129,0.08420809938509267,0.012118781322012448,0
0.6021787709497207,0.07918213448941891,2.5136918933209977,0.6213982652656475,2,3.2575656211010373,0.08804224222019649,0.01244425936991756,0
0.6071508379888269,0.08250551772085653,2.545506251644749,0.622423149544281,2,3.2942020809632027,0.09203977004125197,0.012792795863794768,0
0.612122905027933,0.08593956544703754,2.578136244669502,0.6233937230644482,2,3.331772269156818,0.0961927094063538,0.013165083981944905,0
0.6170949720670391,0.08948701868572995,2.6116136455194905,0.6243125976528817,2,3.370301111589986,0.10049017035142856,0.013561577946776471,0
0.6220670391061452,0.09315066334658031,2.6459718992652332,0.6251822885809892,2,3.409816067056634,0.10491837854527628,0.013982450048860834,0
0.6270391061452514,0.09693333059575525,2.6812462343438397,0.6262878935497289,2,3.450347583268511,0.11138547476442374,0.014620327015375644,0
0.6320111731843575,0.10083789722058296,2.7174737830034115,0.6337151048412352,2,3.4919295195757027,0.11953233620901177,0.015464803059086717,0
0.6369832402234638,0.10486728599419497,2.7546937116340144,0.6410211374889422,2,3.5345995230430427,0.12841641188884895,0.016440442855618284,0
0.6419553072625699,0.10902446604016709,2.7929473619426317,0.6481893949354152,2,3.5783993465774926,0.13807921868130613,0.017570336353848852,0
0.646927374301676,0.11331245319716163,2.8322784040363485,0.6552041866622083,3,3.6233751007929094,0.14855087103859593,0.018880933424027028,0
0.6518994413407821,0.11773431038356849,2.8727330025981086,0.6620509017822691,3,3.6695774352039914,0.15984479637740825,0.020401906593555858,0
0.6568715083798883,0.12229314796214681,2.9143599974749037,0.6687161602947547,3,3.717061649038489,0.1719521283754029,0.022165621434634356,0
0.6618435754189944,0.1269921241046665,2.957211100151027,0.6751879391057762,3,3.7658877372444026,0.18483641923032862,0.024206060904202503,0
0.6668156424581005,0.13183444515654982,3.001341107751747,0.6814556707988997,3,3.816120382863549,0.19842951047343202,0.026557061029758966,0
0.6717877094972067,0.13682336600151268,3.046808136418014,0.6875103140592411,3,3.8678289124825502,0.2126294860873057,0.029249775008941548,0
0.6767597765363128,0.14196219042620645,3.093673876114133,0.6933443955682046,3,3.9210872365279417,0.22730152761169325,0.03230940811418394,0
0.681731843575419,0.14725427148485945,3.1420038691811305,0.6989520240491107,3,3.9759738002700926,0.2535911949449148,0.03858097253585031,0
0.6867039106145252,0.152703011863918,3.1918678152334463,0.7043288779200919,3,4.032571574058533,0.28295680038082605,0.04696455954575834,0
0.6916759776536313,0.15831186424668875,3.2433399053203495,0.7094721686706973,3,4.090968112088123,0.3142860909387193,0.05780322114824012,0
0.6966480446927374,0.1640843316779795,3.2964991886419535,0.7143805826029535,3,4.15125570755578,0.3465797964211096,0.0713997131800809,0
0.7016201117318436,0.1700239679287413,3.3514299755295927,0.7190542039560583,3,4.21353166825461,0.39476000349003115,0.09720816318649442,0
0.7065921787709497,0.1761343778607094,3.408222280879199,0.7234944226654108,3,4.277898730562076,0.45143604000881055,0.1379149766400703,0
0.7115642458100558,0.18241921779104522,3.4669723127732115,0.7277038300983136,3,4.344465621821402,0.5278533538970072,0.21427969851077747,0
0.7165363128491621,0.18888219585697782,3.5277830116516866,0.731686106073883,4,4.413347772045761,0.635753509981897,0.3665471426251372,0
0.7215083798882682,0.1955270723804448,3.5907646461086404,0.7354459003315841,4,4.4846681667760695,0.9801217192983906,0.8645459237231297,1
0.7264804469273743,0.20235766023273502,3.656035472209144,0.738988711382405,4,4.5585583251237125,0.9802829396718893,0.8646777212824883,1
0.7314525139664805,0.20937782519912895,3.72372246416219,0.742320765381024,4,4.635159381946755,0.9803249250677912,0.8647120266023258,1
0.7364245810055866,0.21659148634354108,3.793962125262741,0.7454488973182429,4,4.714623252024788,0.9803460698945556,0.86472930079193,1
0.7413966480446927,0.22400261637316085,3.866901389254957,0.748380436470532,4,4.797113857891856,0.9803597538640278,0.8647404788718165,1
0.7463687150837989,0.23161524200309427,3.942698623692733,0.7511230976756151,4,4.88280841186794,0.980369994322952,0.8647488435286338,1
0.751340782122905,0.23943344432100583,4.021524748512209,0.7536848796443909,4,4.971898756138287,0.9803784608524198,0.8647557588677988,1
0.7563128491620111,0.24746135915175962,4.1035644849178095,0.7560739711818284,4,5.064592780885426,0.9803859996911666,0.8647619162320984,1
0.7612849162011174,0.2557031774220611,4.189017751857749,0.7582986658813381,4,5.161115957137983,0.9803931087441453,0.864767722351712,1
0.7662569832402235,0.2641631455250982,4.278101229872403,0.7635513676279357,4,5.261713035464177,0.9804001213493023,0.8647734494947208,1
0.7712290502793296,0.2728455656851835,4.371050114992413,0.7720209054702754,5,5.366649971482781,0.9804072891006879,0.8647793031335439,1
0.7762011173184358,0.2817547963223952,4.468120088704252,0.7800629849934714,5,5.476216142980695,0.9804201792034941,0.8647898294695896,1
0.7811731843575419,0.2908952524172191,4.5695895338607455,0.7876678748659919,5,5.59072692147107,0.9804505369679402,0.8648146175500859,1
0.786145251396648,0.3002714058751897,4.675762030875534,0.7948302917922565,5,5.710526655525147,0.980508937545659,0.8648622927225711,1
0.7911173184357542,0.309887785891532,4.786969173700042,0.8015492384361915,5,5.835992118089092,0.9806046024121389,0.864940357927086,1
0.7960893854748604,0.319748979315803,4.9035737510510895,0.807827743133696,5,5.967536469938289,0.9807450618125514,0.865054907926126,1
0.8010614525139665,0.3298596310165329,5.025973345266734,0.8136725198344616,5,6.105613800438098,0.9809406517871015,0.8652142827254901,1
0.8060335195530727,0.340224444245867,5.154604409168247,0.819093568338573,6,6.250724326769392,0.9811918112184881,0.8654187052889416,1
0.8110055865921788,0.35084818100420717,5.289946890572345,0.8241037351237365,6,6.403420362747514,0.9815007769658346,0.8656698189299161,1
0.8159776536312849,0.36173566240485355,5.4325294848336165,0.8287182540958826,6,6.564313204939394,0.9818593423046553,0.865960749682095,1
0.8209497206703911,0.37289176903864546,5.582935608238249,0.8329542847058338,6,6.734081123095897,0.9822981521654559,0.8663160655982969,1
0.8259217877094972,0.38432144133860346,5.741810199491079,0.8368304623506706,6,6.913478682215602,0.9827678449456261,0.8666955073268013,1
0.8308938547486033,0.3960296799445707,5.909867473256177,0.8403664731058853,6,7.103347667199669,0.983320789730441,0.8671410385749159,1
0.8358659217877095,0.4080215460678548,6.0878997690958645,0.8435826618663029,7,7.30462993455327,0.9839004763577868,0.8676067654539867,1
0.8408379888268157,0.4203021618558686,6.276787661631457,0.8510781463224755,7,7.518382587426343,0.9845144336267917,0.8680985199013985,1
0.8458100558659218,0.43287671075677187,6.477511523817484,0.8592885047779947,7,7.745795967980147,0.9852132642487932,0.8686563727665298,1
0.850782122905028,0.44575043788411395,6.691164765453962,0.8667707778139819,7,7.988215089876384,0.9859400243508207,0.8692344000581542,1
0.8557541899441341,0.4589286503814737,6.918969004124501,0.8735508223254738,8,8.247165298585543,0.9866948520481726,0.8698324666279564,1
0.8607262569832402,0.47241671778710215,7.162291466413294,0.8796608739998792,8,8.524383157011748,0.9874768245191692,0.8704495915560557,1
0.8656983240223464,0.4862200723985635,7.422664964413877,0.8851380966421913,8,8.821853824438367,0.9882836259918479,0.8710837051495239,1
0.8706703910614525,0.5003442096373768,7.7018108472315046,0.8900231675240579,8,9.141856551029932,0.9891111449082954,0.8717313588243888,1
0.8756424581005587,0.5147946884136576,8.001665390594903,0.894358957650807,9,9.487020377328552,0.9899530136162018,0.8723874000116743,1
0.8806145251396649,0.5295771314907586,8.324410161215932,0.898189348877172,9,9.860392745207099,0.9908001292948481,0.8730446428463077,1
0.885586592178771,0.5446972258499126,8.672506977767569,0.9056727132741789,10,10.265524542389741,0.991640237159565,0.8736935957640297,1
0.8905586592178771,0.5601607230548731,9.048738189140149,0.9129710903369156,10,10.706576181727614,0.9924577201379674,0.8743223516002683,1
0.8955307262569833,0.5759734396165563,9.4562531051205,0.919334105854636,10,11.188450740326033,0.9932846763065186,0.8749556708211909,1
0.9005027932960894,0.5921412573576819,9.898621547284925,0.9248414867497297,11,11.716962045320216,0.9941299351270354,0.8756001843544569,1
0.9054748603351955,0.6086701237774154,10.379895641553967,0.9295753742603758,12,12.299047978042285,0.9949129135608095,0.876194669514114,1
0.9104469273743017,0.6255660524160092,10.904681151810799,0.9336176133785167,12,12.943042196635925,0.9956130027607791,0.8767241571618076,1
0.9154189944134078,0.6428351232194445,11.478219860027252,0.9405938564813098,13,13.659020749111047,0.9963633422994422,0.8772894926989366,1
0.920391061452514,0.6604834829040723,12.106484736842084,0.9466360720143381,14,14.45924285453039,0.9969853029787896,0.8777564145164678,1
0.9253631284916202,0.678517345321255,12.79628992253198,0.9516574695839582,15,15.358705081922853,0.9976052230130492,0.8782202850869396,1
0.9303351955307263,0.6969429918220083,13.55541785760894,0.9557934899358344,16,16.375818899029106,0.9981144969393956,0.8786002292576253,1
0.9353072625698324,0.7157667716216428,14.392766271546492,0.9614629811728184,17,17.53318685455574,0.9985765530778339,0.8789440640926195,1
0.9402793296089386,0.7349951021644052,15.31851816507096,0.9664846484565248,18,18.85835171238383,0.9989716156072032,0.8792373814424783,1
0.9452513966480447,0.7546344694881197,16.34433841489347,0.9704599611089134,20,20.384124514639176,0.9992864872052964,0.8794707220832333,1
0.9502234636871508,0.7746914285888297,17.48360119987168,0.975183617562594,22,22.1474172969586,0.9995273495224302,0.8796489547762045,1
0.9551955307262571,0.79517260378544,18.751653106061404,0.979172284391442,24,24.183866081310377,0.9997146126009342,0.8797873683336741,1
0.9601675977653632,0.816084689084356,20.166117528368833,0.9829289634511627,27,26.511974608551625,0.999836853758052,0.8798776476136101,1
0.9651396648044693,0.8374344485441289,21.74724686395463,0.9863228717481534,31,29.094975449637616,0.9999167589183379,0.8799366287310117,1
0.9701117318435755,0.8592287166400937,23.518330004855073,0.9894934114728569,36,31.770853109386575,0.9999624879206754,0.8799703718633495,1
0.9750837988826816,0.8814743986290134,25.506163804759822,0.9921592523261112,38,34.19382082967783,0.9999847620474982,0.8799868048360784,1
0.9800558659217877,0.9041784709137187,27.741598540776607,0.9944571357613501,38,35.95454345948136,0.9999938392192604,0.8799935010595007,1
0.9850279329608939,0.92734798140775,30.260168941971937,0.9963606070586645,38,36.919136987459865,0.9999956931702196,0.879994868678261,1
0.99,0.9509900498999999,33.10282414303194,0.997814175112645,38,37.31785748818032,0.999996077249123,0.8799951520031231,1