alpha,beta,u,s,a,b,s_next,a_next,b_next
0,0,0,0,0,0,0,0,0
0,0,0,0,0,1,0,0,0
0,0,0,0,1,0,0,0,0
0,0,0,0,1,1,0,0,0
0,0,0,1,0,0,1,1,1
0,0,0,1,0,1,1,1,1
0,0,0,1,1,0,1,1,1
0,0,0,1,1,1,1,1,1
0,0,1,0,0,0,1,0,0
0,0,1,0,0,1,1,0,0
0,0,1,0,1,0,1,0,0
0,0,1,0,1,1,1,0,0
0,0,1,1,0,0,0,1,1
0,0,1,1,0,1,0,1,1
0,0,1,1,1,0,0,1,1
0,0,1,1,1,1,0,1,1
0,1,0,0,0,0,0,0,0
0,1,0,0,0,1,0,0,0
0,1,0,0,1,0,0,0,1
0,1,0,0,1,1,0,0,1
0,1,0,1,0,0,1,1,1
0,1,0,1,0,1,1,1,1
0,1,0,1,1,0,1,1,0
0,1,0,1,1,1,1,1,0
0,1,1,0,0,0,1,0,0
0,1,1,0,0,1,1,0,0
0,1,1,0,1,0,1,0,1
0,1,1,0,1,1,1,0,1
0,1,1,1,0,0,0,1,1
0,1,1,1,0,1,0,1,1
0,1,1,1,1,0,0,1,0
0,1,1,1,1,1,0,1,0
1,0,0,0,0,0,0,0,0
1,0,0,0,0,1,0,1,0
1,0,0,0,1,0,0,0,0
1,0,0,0,1,1,0,1,0
1,0,0,1,0,0,1,1,1
1,0,0,1,0,1,1,0,1
1,0,0,1,1,0,1,1,1
1,0,0,1,1,1,1,0,1
1,0,1,0,0,0,1,0,0
1,0,1,0,0,1,1,1,0
1,0,1,0,1,0,1,0,0
1,0,1,0,1,1,1,1,0
1,0,1,1,0,0,0,1,1
1,0,1,1,0,1,0,0,1
1,0,1,1,1,0,0,1,1
1,0,1,1,1,1,0,0,1
1,1,0,0,0,0,0,0,0
1,1,0,0,0,1,0,1,0
1,1,0,0,1,0,0,0,1
1,1,0,0,1,1,0,1,1
1,1,0,1,0,0,1,1,1
1,1,0,1,0,1,1,0,1
1,1,0,1,1,0,1,1,0
1,1,0,1,1,1,1,0,0
1,1,1,0,0,0,1,0,0
1,1,1,0,0,1,1,1,0
1,1,1,0,1,0,1,0,1
1,1,1,0,1,1,1,1,1
1,1,1,1,0,0,0,1,1
1,1,1,1,0,1,0,0,1
1,1,1,1,1,0,0,1,0
1,1,1,1,1,1,0,0,0
