alpha,beta,horizon,rank,retained_classes,boundary_strings
0,0,1,0,1,2
0,0,2,0,1,4
0,0,3,0,1,8
0,0,4,0,1,16
0,0,5,0,1,32
0,0,6,0,1,64
0,0,7,0,1,128
0,0,8,0,1,256
0,1,1,1,2,2
0,1,2,0,1,4
0,1,3,0,1,8
0,1,4,0,1,16
0,1,5,0,1,32
0,1,6,0,1,64
0,1,7,0,1,128
0,1,8,0,1,256
1,0,1,1,2,2
1,0,2,0,1,4
1,0,3,0,1,8
1,0,4,0,1,16
1,0,5,0,1,32
1,0,6,0,1,64
1,0,7,0,1,128
1,0,8,0,1,256
1,1,1,2,4,2
1,1,2,2,4,4
1,1,3,2,4,8
1,1,4,2,4,16
1,1,5,2,4,32
1,1,6,2,4,64
1,1,7,2,4,128
1,1,8,2,4,256
