A,Y,w,labor_share,labor_only_claim_coverage,aggregate_gap,gap_share
0.1,1.06391086815,0.628674603906,0.590909090909,1.57168650976,0,0
0.101862899024,1.06508167862,0.628302388362,0.589910051945,1.5707559709,0,0
0.103760501977,1.06627358804,0.627924111241,0.588895869019,1.5698102781,0,0
0.105693455356,1.06748696439,0.627539688775,0.58786637187,1.56884922194,0,0
0.107662417705,1.06872218167,0.627149036548,0.586821390354,1.56787259137,0,0
0.109668059834,1.06997961995,0.626752069506,0.585760754525,1.56688017377,0,0
0.11171106505,1.07125966548,0.626348701974,0.584684294719,1.56587175493,0,0
0.113792129392,1.07256271079,0.625938847666,0.583591841644,1.56484711917,0,0
0.11591196186,1.07388915471,0.625522419707,0.582483226469,1.56380604927,0,0
0.118071284667,1.07523940255,0.625099330642,0.58135828092,1.5627483266,0,0
0.120270833477,1.0766138661,0.62466949246,0.580216837372,1.56167373115,0,0
0.12251135766,1.07801296379,0.624232816608,0.579058728951,1.56058204152,0,0
0.124793620547,1.07943712074,0.623789214009,0.577883789636,1.55947303502,0,0
0.127118399687,1.08088676886,0.623338595088,0.576691854361,1.55834648772,0,0
0.129486487115,1.08236234693,0.622880869783,0.575482759126,1.55720217446,0,0
0.13189868962,1.08386430071,0.622415947577,0.574256341103,1.55603986894,0,0
0.134355829022,1.08539308303,0.621943737512,0.573012438752,1.55485934378,0,0
0.13685874245,1.08694915388,0.621464148219,0.571750891935,1.55366037055,0,0
0.139408282628,1.08853298049,0.620977087939,0.570471542036,1.55244271985,0,0
0.142005318165,1.09014503745,0.620482464549,0.569174232082,1.55120616137,0,0
0.144650733852,1.09178580678,0.61998018559,0.567858806863,1.54995046397,0,0
0.147345430962,1.09345577805,0.619470158291,0.566525113065,1.54867539573,0,0
0.150090327558,1.09515544845,0.618952289602,0.565172999394,1.547380724,0,0
0.152886358806,1.09688532291,0.618426486222,0.563802316712,1.54606621556,0,0
0.155734477293,1.09864591419,0.617892654629,0.562412918167,1.54473163657,0,0
0.158635653351,1.10043774297,0.617350701111,0.561004659334,1.54337675278,0,0
0.16159087539,1.10226133796,0.616800531801,0.559577398352,1.5420013295,0,0
0.164601150231,1.10411723601,0.616242052709,0.558130996068,1.54060513177,0,0
0.167667503453,1.10600598217,0.615675169757,0.556665316178,1.53918792439,0,0
0.170790979739,1.10792812982,0.615099788817,0.555180225376,1.53774947204,0,0
0.173972643234,1.1098842408,0.614515815745,0.553675593504,1.53628953936,0,0
0.177213577908,1.11187488543,0.613923156421,0.552151293697,1.53480789105,0,0
0.180514887922,1.1139006427,0.61332171679,0.550607202544,1.53330429197,0,0
0.183877698008,1.11596210032,0.612711402897,0.549043200234,1.53177850724,0,0
0.187303153851,1.11805985482,0.612092120934,0.54745917072,1.53023030234,0,0
0.190792422477,1.1201945117,0.61146377728,0.545855001872,1.5286594432,0,0
0.194346692654,1.12236668549,0.610826278545,0.54423058564,1.52706569636,0,0
0.197967175295,1.12457699986,0.610179531612,0.542585818213,1.52544882903,0,0
0.201655103872,1.12682608775,0.609523443689,0.540920600183,1.52380860922,0,0
0.205411734835,1.12911459146,0.608857922348,0.539234836708,1.52214480587,0,0
0.20923834804,1.13144316273,0.608182875581,0.537528437676,1.52045718895,0,0
0.213136247184,1.1338124629,0.607498211841,0.535801317872,1.5187455296,0,0
0.217106760254,1.13622316297,0.606803840096,0.534053397144,1.51700960024,0,0
0.221151239973,1.13867594373,0.606099669882,0.532284600566,1.51524917471,0,0
0.225271064265,1.14117149586,0.605385611349,0.530494858613,1.51346402837,0,0
0.229467636723,1.14371052004,0.60466157532,0.52868410732,1.5116539383,0,0
0.233742387089,1.14629372705,0.603927473338,0.526852288453,1.50981868334,0,0
0.238096771738,1.1489218379,0.603183217727,0.524999349677,1.50795804432,0,0
0.242532274176,1.1515955839,0.602428721646,0.523125244719,1.50607180412,0,0
0.247050405546,1.15431570681,0.601663899142,0.521229933537,1.50415974786,0,0
0.251652705141,1.15708295892,0.600888665211,0.519313382483,1.50222166303,0,0
0.25634074093,1.15989810318,0.600102935854,0.517375564466,1.50025733964,0,0
0.261116110092,1.16276191328,0.599306628138,0.515416459118,1.49826657035,0,0
0.265980439559,1.16567517379,0.598499660253,0.513436052951,1.49624915063,0,0
0.270935386573,1.16863868026,0.597681951573,0.511434339516,1.49420487893,0,0
0.275982639247,1.17165323933,0.596853422718,0.509411319564,1.49213355679,0,0
0.281123917141,1.17471966882,0.596013995615,0.507367001196,1.49003498904,0,0
0.286360971851,1.17783879788,0.595163593559,0.505301400014,1.4879089839,0,0
0.291695587602,1.18101146706,0.594302141276,0.503214539276,1.48575535319,0,0
0.297129581858,1.18423852846,0.593429564989,0.501106450035,1.48357391247,0,0
0.30266480594,1.18752084579,0.592545792475,0.498977171285,1.48136448119,0,0
0.308303145657,1.19085929455,0.591650753134,0.496826750098,1.47912688284,0,0
0.31404652195,1.19425476206,0.590744378053,0.494655241761,1.47686094513,0,0
0.319896891543,1.19770814766,0.589826600067,0.492462709901,1.47456650017,0,0
0.325856247615,1.20122036273,0.588897353825,0.490249226618,1.47224338456,0,0
0.331926620473,1.20479233087,0.587956575856,0.488014872598,1.46989143964,0,0
0.338110078248,1.20842498799,0.587004204632,0.485759737234,1.46751051158,0,0
0.344408727597,1.21211928241,0.586040180632,0.483483918735,1.46510045158,0,0
0.350824714424,1.21587617498,0.585064446408,0.481187524228,1.46266111602,0,0
0.357360224607,1.21969663922,0.58407694665,0.478870669861,1.46019236662,0,0
0.364017484745,1.22358166137,0.583077628246,0.47653348089,1.45769407061,0,0
0.370798762917,1.22753224056,0.58206644035,0.474176091768,1.45516610087,0,0
0.377706369454,1.23154938891,0.581043334443,0.471798646222,1.45260833611,0,0
0.384742657726,1.23563413161,0.580008264399,0.469401297327,1.450020661,0,0
0.391910024943,1.23978750708,0.578961186541,0.466984207565,1.44740296635,0,0
0.399210912975,1.24401056704,0.577902059709,0.464547548888,1.44475514927,0,0
0.406647809178,1.24830437667,0.576830845318,0.462091502762,1.4420771133,0,0
0.414223247248,1.25267001467,0.575747507419,0.459616260208,1.43936876855,0,0
0.421939808081,1.25710857344,0.574652012758,0.457122021837,1.4366300319,0,0
0.429800120649,1.26162115911,0.573544330834,0.454608997868,1.43386082708,0,0
0.437806862904,1.26620889175,0.572424433956,0.452077408149,1.43106108489,0,0
0.445962762682,1.27087290539,0.5712922973,0.449527482156,1.42823074325,0,0
0.454270598637,1.27561434821,0.570147898964,0.446959458995,1.42536974741,0,0
0.462733201188,1.28043438263,0.568991220021,0.444373587386,1.42247805005,0,0
0.471353453479,1.2853341854,0.567822244572,0.441770125637,1.41955561143,0,0
0.480134292365,1.29031494777,0.566640959795,0.439149341619,1.41660239949,0,0
0.489078709414,1.29537787555,0.565447355996,0.436511512716,1.41361838999,0,0
0.498189751921,1.30052418927,0.564241426656,0.433856925778,1.41060356664,0,0
0.507470523949,1.30575512428,0.563023168477,0.431185877053,1.40755792119,0,0
0.516924187389,1.31107193086,0.561792581425,0.428498672118,1.40448145356,0,0
0.526553963033,1.31647587437,0.560549668773,0.425795625795,1.40137417193,0,0
0.536363131674,1.32196823534,0.55929443714,0.423077062056,1.39823609285,0,0
0.546355035221,1.32755030961,0.558026896533,0.420343313919,1.39506724133,0,0
0.556533077843,1.33322340841,0.556747060378,0.417594723333,1.39186765094,0,0
0.566900727121,1.33898885857,0.555454945554,0.414831641054,1.38863736389,0,0
0.577461515236,1.34484800255,0.55415057243,0.412054426509,1.38537643108,0,0
0.58821904017,1.3508021986,0.552833964888,0.409263447648,1.38208491222,0,0
0.599176966931,1.35685282091,0.551505150353,0.40645908079,1.37876287588,0,0
0.610339028803,1.36300125969,0.550164159817,0.403641710456,1.37541039954,0,0
0.621709028616,1.36924892136,0.548811027858,0.400811729188,1.37202756964,0,0
0.633290840046,1.37559722858,0.547445792664,0.397969537368,1.36861448166,0,0
0.645088408927,1.3820476205,0.546068496045,0.395115543015,1.36517124011,0,0
0.657105754604,1.38860155278,0.544679183451,0.392250161581,1.36169795863,0,0
0.669346971296,1.39526049781,0.543277903977,0.389373815736,1.35819475994,0,0
0.681816229494,1.40202594478,0.541864710379,0.386486935136,1.35466177595,0,0
0.694517777382,1.40889939985,0.540439659072,0.383589956196,1.35109914768,0,0
0.707455942282,1.41588238627,0.539002810138,0.380683321838,1.34750702534,0,0
0.720635132129,1.42297644455,0.537554227322,0.377767481241,1.34388556831,0,0
0.734059836976,1.43018313254,0.536093978032,0.374842889582,1.34023494508,0,0
0.747734630518,1.43750402564,0.53462213333,0.371910007761,1.33655533333,0,0
0.761664171655,1.44494071688,0.533138767924,0.368969302128,1.33284691981,0,0
0.775853206079,1.45249481713,0.531643960156,0.366021244197,1.32910990039,0,0
0.790306567886,1.46016795519,0.530137791985,0.363066310351,1.32534447996,0,0
0.80502918123,1.46796177797,0.52862034897,0.360104981548,1.32155087243,0,0
0.820026061993,1.47587795065,0.527091720253,0.35713774301,1.31772930063,0,0
0.835302319503,1.48391815679,0.525551998524,0.354165083917,1.31387999631,0,0
0.850863158264,1.49208409854,0.524001280007,0.351187497086,1.31000320002,0,0
0.866713879739,1.50037749676,0.522439664419,0.348205478652,1.30609916105,0,0
0.88285988415,1.50880009123,0.520867254942,0.345219527736,1.30216813736,0,0
0.899306672319,1.51735364073,0.519284158187,0.342230146123,1.29821039547,0,0
0.916059847544,1.5260399233,0.517690484154,0.339237837917,1.29422621038,0,0
0.933125117508,1.53486073633,0.516086346187,0.336243109209,1.29021586547,0,0
0.950508296219,1.54381789681,0.514471860937,0.333246467734,1.28617965234,0,0
0.968215305997,1.55291324144,0.512847148306,0.330248422528,1.28211787077,0,0
0.986252179487,1.56214862682,0.511212331403,0.327249483582,1.27803082851,0,0
1.00462506172,1.57152592966,0.509567536487,0.324250161496,1.27391884122,0,0
1.02334021219,1.58104704696,0.507912892913,0.32125096713,1.26978223228,0,0
1.04240400702,1.59071389616,0.506248533076,0.318252411259,1.26562133269,0,0
1.0618229411,1.60052841537,0.504574592344,0.315255004221,1.26143648086,0,0
1.08160363031,1.61049256356,0.502891209003,0.312259255574,1.25722802251,0,0
1.10175281379,1.62060832073,0.501198524185,0.309265673744,1.25299631046,0,0
1.12227735621,1.63087768814,0.499496681803,0.306274765689,1.24874170451,0,0
1.14318425013,1.64130268852,0.497785828481,0.303287036549,1.2444645712,0,0
1.16448061837,1.65188536625,0.496066113481,0.30030298931,1.2401652837,0,0
1.18617371645,1.66262778759,0.49433768863,0.297323124465,1.23584422158,0,0
1.20827093504,1.67353204091,0.492600708242,0.294347939686,1.2315017706,0,0
1.23077980251,1.68460023689,0.490855329041,0.291377929489,1.2271383226,0,0
1.25370798744,1.69583450875,0.489101710083,0.288413584911,1.22275427521,0,0
1.27706330131,1.70723701248,0.48734001267,0.285455393193,1.21835003168,0,0
1.30085370109,1.71880992709,0.485570400273,0.282503837463,1.21392600068,0,0
1.325087292,1.73055545483,0.483793038442,0.279559396431,1.2094825961,0,0
1.34977233023,1.74247582143,0.482008094723,0.276622544081,1.20502023681,0,0
1.37491722581,1.75457327636,0.480215738571,0.273693749381,1.20053934643,0,0
1.40053054539,1.76685009309,0.478416141262,0.270773475992,1.19604035315,0,0
1.42662101526,1.77930856931,0.476609475801,0.267862181986,1.1915236895,0,0
1.45319752424,1.79195102722,0.474795916834,0.264960319574,1.18698979209,0,0
1.48026912674,1.80477981382,0.47297564056,0.26206833484,1.1824391014,0,0
1.50784504586,1.8177973011,0.471148824631,0.259186667483,1.17787206158,0,0
1.53593467651,1.83100588641,0.46931564807,0.256315750567,1.17328912017,0,0
1.56454758862,1.84440799269,0.467476291168,0.253456010286,1.16869072792,0,0
1.59369353038,1.85800606876,0.4656309354,0.250607865727,1.1640773385,0,0
1.62338243161,1.87180258961,0.463779763325,0.247771728654,1.15944940831,0,0
1.65362440709,1.88580005671,0.461922958495,0.24494800329,1.15480739624,0,0
1.68442976004,1.90000099831,0.460060705362,0.242137086124,1.1501517634,0,0
1.71580898561,1.91440796973,0.458193189182,0.239339365708,1.14548297295,0,0
1.74777277446,1.92902355371,0.456320595925,0.236555222484,1.14080148981,0,0
1.78033201643,1.94385036067,0.454443112179,0.233785028608,1.13610778045,0,0
1.8134978042,1.9588910291,0.452560925057,0.231029147786,1.13140231264,0,0
1.8472814371,1.97414822582,0.450674222107,0.228287935127,1.12668555527,0,0
1.88169442497,1.9896246464,0.44878319122,0.225561737,1.12195797805,0,0
1.91674849206,2.00532301541,0.446888020535,0.222850890905,1.11722005134,0,0
1.95245558102,2.02124608682,0.444988898353,0.220155725349,1.11247224588,0,0
1.98882785699,2.03739664437,0.443086013047,0.217476559742,1.10771503262,0,0
2.02587771174,2.05377750186,0.441179552971,0.214813704295,1.10294888243,0,0
2.06361776786,2.07039150358,0.439269706372,0.212167459929,1.09817426593,0,0
2.10206088313,2.08724152466,0.43735666131,0.209538118202,1.09339165327,0,0
2.14122015482,2.10433047142,0.435440605563,0.206925961239,1.08860151391,0,0
2.18110892419,2.12166128179,0.433521726551,0.204331261673,1.08380431638,0,0
2.22174078106,2.13923692569,0.431600211249,0.201754282598,1.07900052812,0,0
2.2631295684,2.1570604054,0.429676246107,0.199195277532,1.07419061527,0,0
2.30528938705,2.175134756,0.427750016969,0.196654490389,1.06937504242,0,0
2.34823460055,2.19346304574,0.425821708997,0.194132155463,1.06455427249,0,0
2.39197984002,2.21204837648,0.423891506591,0.191628497414,1.05972876648,0,0
2.43654000913,2.23089388411,0.421959593317,0.189143731274,1.05489898329,0,0
2.48193028919,2.25000273895,0.420026151832,0.186678062458,1.05006537958,0,0
2.52816614433,2.26937814622,0.418091363812,0.184231686777,1.04522840953,0,0
2.57526332677,2.28902334644,0.416155409882,0.18180479047,1.04038852471,0,0
2.62323788216,2.30894161594,0.414218469549,0.179397550241,1.03554617387,0,0
2.67210615508,2.32913626722,0.412280721134,0.177010133299,1.03070180283,0,0
2.72188479458,2.34961064951,0.41034234171,0.174642697417,1.02585585427,0,0
2.77259075986,2.37036814914,0.408403507036,0.172295390986,1.02100876759,0,0
2.82424132608,2.3914121901,0.406464391502,0.169968353087,1.01616097876,0,0
2.87685409019,2.41274623446,0.404525168065,0.167661713564,1.01131292016,0,0
2.93044697697,2.43437378289,0.402586008194,0.165375593109,1.00646502049,0,0
2.98503824512,2.45629837513,0.400647081817,0.163110103346,1.00161770454,0,0
3.04064649347,2.47852359053,0.398708557268,0.160865346932,0.996771393171,0.000904009912108,0.000364737263572
3.09729066733,2.50105304849,0.396770601236,0.158641417653,0.99192650309,0.00226057913485,0.000903850934396
3.15499006496,2.52389040904,0.394833378715,0.156438400535,0.987083446788,0.0036166348994,0.00143296035614
3.2137643441,2.54703937334,0.392897052962,0.154256371956,0.982242632404,0.00497206292683,0.00195209503978
3.27363352872,2.5705036842,0.390961785447,0.152095399765,0.977404463618,0.00632675018706,0.00246128812261
3.33461801579,2.59428712663,0.389027735817,0.149955543403,0.972569339542,0.00768058492838,0.00296057627914
3.39673858227,2.61839352837,0.387095061849,0.147836854031,0.967737654623,0.00903345670568,0.00344999963062
3.46001639219,2.64282676044,0.385163919418,0.145739374667,0.962909798546,0.0103852564072,0.00392960165329
3.5244730038,2.66759073772,0.383234462458,0.143663140316,0.958086156144,0.0117358762797,0.0043994290855
3.59013037701,2.69268941949,0.381306842925,0.141608178115,0.953267107312,0.0130852099528,0.00485953183387
3.65701088078,2.71812681003,0.37938121077,0.139574507477,0.948453026926,0.0144331524608,0.00530996287866
3.7251373008,2.74390695917,0.377457713908,0.137562140235,0.94364428477,0.0157796002645,0.00575077817844
3.79453284724,2.7700339629,0.375536498185,0.135571080794,0.938841245462,0.0171244512706,0.00618203657425
3.86522116263,2.79651196395,0.373617707357,0.133601326286,0.934044268393,0.0184676048501,0.00660379969339
3.93722632996,2.82334515241,0.371701483064,0.131652866723,0.929253707659,0.0198089618555,0.00701613185289
4.01057288086,2.85053776634,0.369787964805,0.129725685157,0.924469912012,0.0211484246366,0.00741909996293
4.08528580393,2.87809409235,0.367877289922,0.127819757839,0.919693224806,0.0224858970543,0.00781277343019
4.16139055332,2.90601846631,0.365969593579,0.125935054378,0.914923983947,0.0238212844948,0.00819722406137
4.23891305734,2.93431527388,0.364065008742,0.12407153791,0.910162521855,0.0251544938805,0.00857252596693
4.31787972733,2.96298895123,0.36216366617,0.122229165255,0.905409165425,0.0264854336811,0.00893875546518
4.39831746665,2.99204398568,0.360265694396,0.12040788709,0.900664235989,0.027814013923,0.00929599098682
4.48025367983,3.02148491631,0.358371219718,0.118607648108,0.895928049295,0.0291401461975,0.00964431298008
4.56371628192,3.0513163347,0.356480366189,0.11682838719,0.891200915473,0.0304637436676,0.00998380381647
4.64873370802,3.08154288552,0.354593255608,0.115070037569,0.886483139021,0.0317847210742,0.0103145476974
4.73533492292,3.11216926731,0.352710007513,0.113332526999,0.881775018783,0.0331029947408,0.0106366305613
4.823549431,3.14320023309,0.350830739176,0.111615777921,0.87707684794,0.0344184825769,0.0109501399926
4.9134072863,3.17464059108,0.348955565598,0.109919707629,0.872388913996,0.0357311040812,0.0112551651301
5.0049391027,3.20649520546,0.347084599511,0.10824422844,0.867711498777,0.0370407803426,0.0115517965782
5.09817606442,3.238768997,0.34521795137,0.106589247856,0.863044878425,0.038347434041,0.0118401263185
5.19314993659,3.27146694388,0.343355729362,0.104954668732,0.858389323404,0.0396509894469,0.012120247622
5.2898930761,3.30459408234,0.3414980394,0.103340389437,0.853745098499,0.0409513724202,0.0123922549638
5.38843844261,3.33815550747,0.339644985132,0.101746304021,0.849112462831,0.0422485104074,0.0126562439385
5.48881960979,3.37215637397,0.337796667945,0.100172302374,0.844491669861,0.0435423324388,0.0129123111772
5.59107077676,3.40660189686,0.335953186965,0.0986182703867,0.839882967412,0.0448327691246,0.0131605542655
5.69522677971,3.44149735232,0.334114639072,0.0970840901117,0.83528659768,0.0461197526495,0.0134010716639
5.80132310383,3.47684807841,0.332281118904,0.0955696399181,0.83070279726,0.0474032167672,0.0136339626288
5.90939589534,3.5126594759,0.330452718865,0.0940747946486,0.826131797163,0.0486830967943,0.0138593271361
6.01948197383,3.54893700902,0.328629529139,0.092599425773,0.821573822848,0.0499593296024,0.0140772658054
6.1316188448,3.58568620633,0.326811637699,0.0911434015398,0.817029094248,0.0512318536107,0.0142878798263
6.24584471244,3.62291266149,0.324999130319,0.0897065871263,0.812497825797,0.0525006087769,0.0144912708868
6.36219849266,3.6606220341,0.323192090588,0.0882888447857,0.80798022647,0.0537655365883,0.014687541103
6.48071982631,3.69882005055,0.321390599926,0.086890033993,0.803476499816,0.0550265800515,0.01487679295
6.60144909273,3.73751250484,0.319594737597,0.0855100115873,0.798986843992,0.0562836836822,0.015059129196
6.72442742348,3.77670525946,0.317804580723,0.0841486319133,0.794511451809,0.0575367934936,0.0152346528365
6.84969671636,3.81640424623,0.316020204307,0.0828057469591,0.790050510768,0.0587858569851,0.0154034670313
6.97729964967,3.85661546722,0.314241681243,0.0814812064916,0.785604203108,0.0600308231299,0.0155656750434
7.10727969677,3.89734499557,0.31246908234,0.0801748581906,0.781172705849,0.0612716423623,0.0157213801786
7.23968114091,3.93859897646,0.310702476336,0.0788865477782,0.77675619084,0.0625082665647,0.0158706857282
7.37454909026,3.98038362798,0.308941929924,0.077616119148,0.772354824809,0.0637406490534,0.0160136949126
7.51192949332,4.02270524202,0.307187507764,0.076363414489,0.767968769409,0.0649687445653,0.0161505108271
7.65186915457,4.06557018527,0.30543927251,0.0751282744095,0.763598181275,0.0661925092429,0.0162812363891
7.7944157504,4.10898490009,0.303697284829,0.0739105380559,0.759243212073,0.0674119006196,0.0164059742878
7.93961784538,4.1529559055,0.301961603422,0.0727100432303,0.754904008555,0.0686268776046,0.0165248269344
8.08752490877,4.19748979812,0.300232285047,0.0715266265045,0.750580712617,0.0698374004672,0.0166378964157
8.2381873314,4.24259325318,0.298509384541,0.0703601233318,0.746273461352,0.0710434308214,0.0167452844479
8.39165644283,4.28827302545,0.296792954844,0.0692103681557,0.741982387109,0.0722449316094,0.0168470923331
8.54798452884,4.33453595028,0.295083047021,0.0680771945154,0.737707617553,0.0734418670852,0.0169434209169
8.70722484924,4.38138894457,0.293379710288,0.0669604351496,0.73344927572,0.0746342027984,0.0170343705484
8.86943165601,4.42883900783,0.291682992033,0.0658599220963,0.729207480081,0.0758219055772,0.0171200410408
9.03466021181,4.47689322317,0.289992937841,0.0647754867908,0.724982344602,0.0770049435114,0.017200531635
9.20296680876,4.52555875837,0.288309591521,0.06370696016,0.720773978803,0.078183285935,0.0172759409632
9.37440878766,4.57484286693,0.286632995129,0.0626541727152,0.716582487823,0.0793569034094,0.0173463670158
9.54904455752,4.62475288913,0.284963188992,0.0616169546404,0.712407972481,0.0805257677053,0.0174119071085
9.72693361543,4.6752962531,0.283300211735,0.0605951358798,0.708250529337,0.0816898517856,0.0174726578517
9.90813656686,4.72648047594,0.281644100304,0.0595885462211,0.704110250759,0.0828491297874,0.0175287151209
10.0927151463,4.77831316481,0.279994889994,0.0585970153769,0.699987224985,0.0840035770042,0.0175801740294
10.2807322383,4.83080201802,0.278352614474,0.0576203730634,0.695881536185,0.0851531698683,0.0176271289013
10.4722518989,4.88395482622,0.276717305811,0.056658449076,0.691793264527,0.0862978859326,0.017669673247
10.6673393773,4.93777947348,0.275088994496,0.0557110733628,0.68772248624,0.0874377038527,0.0177078997396
10.8660611385,4.99228393849,0.273467709473,0.0547780760954,0.683669273682,0.0885726033691,0.0177419001925
11.0684848855,5.04747629573,0.271853478159,0.0538592877372,0.679633695397,0.0897025652889,0.0177717655385
11.2746795824,5.10336471663,0.270246326474,0.0529545391091,0.675615816186,0.0908275714679,0.0177975858108
11.4847154784,5.15995747076,0.268646278868,0.0520636614526,0.671615697169,0.0919476047927,0.0178194501241
11.698664131,5.21726292709,0.267053358339,0.0511864864913,0.667633395848,0.0930626491627,0.017837446658
11.916598431,5.27528955517,0.265467586469,0.0503228464888,0.663668966172,0.0941726894719,0.0178516626409
12.1385926269,5.3340459264,0.263888983441,0.0494725743052,0.659722458602,0.0952777115915,0.0178621843355
12.3647223505,5.39354071525,0.262317568069,0.0486355034509,0.655793920173,0.0963777023515,0.0178690970254
12.5950646426,5.45378270058,0.260753357823,0.0478114681385,0.651883394558,0.0974726495237,0.0178724850026
12.8296979789,5.51478076688,0.259196368853,0.047000303332,0.647990922132,0.098562541803,0.0178724315561
13.0687022974,5.57654390559,0.257646616013,0.0462018447941,0.644116540033,0.0996473687908,0.0178690189619
13.312159025,5.63908121639,0.25610411289,0.0454159291315,0.640260282226,0.100727120977,0.0178623284736
13.5601511057,5.70240190858,0.254568871826,0.044642393838,0.636422179565,0.101801789722,0.0178524403144
13.8127630283,5.76651530239,0.253040903941,0.0438810773356,0.632602259853,0.102871367241,0.0178394336695
14.070080856,5.83143083032,0.251520219163,0.0431318190134,0.628800547907,0.103935846586,0.0178233866799
14.332192255,5.89715803858,0.250006826246,0.042394459265,0.625017065615,0.104995221628,0.0178043764371
14.5991865247,5.96370658842,0.248500732799,0.0416688395237,0.621251831999,0.10604948704,0.0177824789781
14.8711546281,6.03108625759,0.247001945309,0.0409548022958,0.617504863271,0.107098638284,0.0177577692823
15.1481892226,6.09930694172,0.24551046916,0.0402521911925,0.613776172899,0.108142671588,0.0177303212679
15.4303846918,6.1683786558,0.244026308664,0.0395608509594,0.610065771659,0.109181583936,0.0177002077901
15.7178371777,6.23831153564,0.242549467079,0.0388806275052,0.606373667697,0.110215373045,0.0176675006394
16.0106446132,6.30911583932,0.241079946634,0.0382113679276,0.602699866585,0.111244037356,0.0176322705415
16.3089067555,6.38080194869,0.239617748552,0.0375529205387,0.59904437138,0.112267576014,0.0175945871563
16.6127252203,6.45338037092,0.238162873072,0.0369051348879,0.595407182679,0.11328598885,0.0175545190797
16.9222035164,6.52686173999,0.23671531947,0.0362678617841,0.591788298675,0.114299276371,0.0175121338439
17.2374470806,6.60125681823,0.235275086084,0.0356409533158,0.58818771521,0.115307439741,0.0174674979199
17.5585633141,6.67657649794,0.233842170334,0.0350242628698,0.584605425835,0.116310480766,0.0174206767199
17.8856616188,6.75283180293,0.232416568744,0.0344176451489,0.581041421859,0.117308401879,0.0173717346001
18.2188534347,6.83003389013,0.230998276962,0.0338209561882,0.577495692405,0.118301206127,0.0173207348645
18.5582522776,6.90819405124,0.229587289783,0.0332340533692,0.573968224458,0.119288897152,0.0172677397692
18.9039737782,6.98732371431,0.22818360117,0.0326567954341,0.570459002925,0.120271479181,0.0172128105264
19.2561357213,7.0674344455,0.226787204271,0.0320890424977,0.566968010679,0.12124895701,0.01715600731
19.6148580858,7.14853795065,0.225398091444,0.0315306560586,0.56349522861,0.122221335989,0.017097389261
19.9802630857,7.23064607708,0.224016254272,0.030981499009,0.56004063568,0.12318862201,0.0170370144931
20.3524752118,7.31377081524,0.222641683587,0.0304414356439,0.556604208967,0.124150821489,0.0169749400994
20.731621274,7.39792430047,0.221274369486,0.0299103316685,0.553185923714,0.12510794136,0.0169112221589
21.1178304445,7.48311881481,0.219914301352,0.029388054205,0.549785753381,0.126059989053,0.0168459157436
21.5112343018,7.5693667887,0.218561467874,0.0288744717986,0.546403669684,0.127006972488,0.0167790749258
21.9119668758,7.65668080286,0.21721585706,0.028369454422,0.543039642651,0.127948900058,0.016710752786
22.320164693,7.74507359006,0.215877456263,0.0278728734792,0.539693640657,0.128885780616,0.0166410014208
22.7359668233,7.83455803701,0.214546252191,0.0273846018087,0.536365630477,0.129817623466,0.0165698719511
23.1595149274,7.92514718621,0.213222230931,0.0269045136855,0.533055577327,0.130744438348,0.0164974145308
23.5909533051,8.01685423782,0.211905377963,0.0264324848222,0.529763444907,0.131666235426,0.0164236783556
24.0304289441,8.10969255163,0.210595678178,0.0259683923696,0.526489195445,0.132583025276,0.0163487116721
24.4780915704,8.20367564894,0.209293115894,0.0255121149166,0.523232789735,0.133494818874,0.0162725617866
24.9340936995,8.29881721456,0.207997674874,0.0250635324886,0.519994187185,0.134401627588,0.0161952750752
25.3985906878,8.39513109876,0.20670933834,0.0246225265465,0.516773345851,0.135303463162,0.016116896993
25.871740786,8.49263131932,0.205428088992,0.0241889799837,0.513570222481,0.136200337705,0.0160374720842
26.3537051927,8.59133206351,0.204153909021,0.0237627771237,0.510384772552,0.137092263686,0.0159570439918
26.8446481096,8.6912476902,0.202886780123,0.0233438037156,0.507216950308,0.137979253914,0.0158756554677
27.3447367974,8.79239273187,0.201626683521,0.0229319469306,0.504066708801,0.138861321536,0.0157933483831
27.8541416324,8.89478189681,0.20037359997,0.0225270953571,0.500933999924,0.139738480021,0.015710163739
28.3730361652,8.99843007114,0.19912750978,0.0221291389949,0.49781877445,0.140610743154,0.0156261416761
28.9015971791,9.10335232106,0.197888392826,0.0217379692498,0.494720982064,0.141478125022,0.015541321486
29.440004751,9.20956389499,0.196656228562,0.0213534789274,0.491640571405,0.142340640007,0.0154557416214
29.9884423123,9.31708022575,0.195430996037,0.0209755622257,0.488577490093,0.143198302774,0.0153694397069
30.5470967116,9.42591693285,0.194212673907,0.0206041147286,0.485531684767,0.144051128265,0.0152824525499
31.1161582782,9.53608982471,0.193001240446,0.0202390333977,0.482503101115,0.144899131688,0.0151948161512
31.6958208873,9.64761490097,0.191796673564,0.0198802165647,0.479491683911,0.145742328505,0.0151065657161
32.2862820254,9.76050835477,0.190598950816,0.0195275639227,0.47649737704,0.146580734429,0.0150177356651
32.8877428583,9.87478657516,0.189408049415,0.0191809765176,0.473520123537,0.14741436541,0.0149283596448
33.5004082991,9.99046614938,0.188223946244,0.0188403567391,0.47055986561,0.148243237629,0.0148384705391
34.1244870785,10.1075638653,0.18704661787,0.018505608311,0.467616544675,0.149067367491,0.0147481004797
34.7601918154,10.226096714,0.185876040553,0.0181766362819,0.464690101383,0.149886771613,0.0146572808575
35.4077390897,10.3460818918,0.18471219026,0.017853347015,0.461780475649,0.150701466818,0.0145660423332
36.0673495157,10.4675368032,0.183555042672,0.017535648178,0.45888760668,0.15151147013,0.0144744148483
36.739247818,10.5904790634,0.182404573201,0.0172234487326,0.456011433003,0.152316798759,0.014382427636
37.4236629072,10.7149265002,0.181260756996,0.0169166589237,0.45315189249,0.153117470103,0.0142901092322
38.1208279584,10.8408971575,0.180123568955,0.0166151902687,0.450308922388,0.153913501731,0.0141974874861
38.8309804906,10.9684092971,0.178992983736,0.0163189555465,0.44748245934,0.154704911385,0.0141045895712
39.5543624473,11.0974814021,0.177868975766,0.0160278687859,0.444672439415,0.155491716964,0.0140114419957
40.2912202795,11.2281321787,0.176751519251,0.0157418452543,0.441878798129,0.156273936524,0.0139180706138
41.041805029,11.3603805596,0.175640588188,0.0154608014463,0.439101470469,0.157051588269,0.0138245006357
41.8063724146,11.4942457066,0.174536156368,0.015184655072,0.43634039092,0.157824690542,0.0137307566387
42.5851829184,11.629747013,0.173438197394,0.0149133250448,0.433595493485,0.158593261824,0.0136368625772
43.3785018756,11.7669041069,0.172346684683,0.0146467314697,0.430866711708,0.159357320722,0.0135428417938
44.1865995639,11.9057368536,0.171261591479,0.0143847956313,0.428153978697,0.160116885965,0.0134487170289
45.0097512961,12.0462653588,0.170182890858,0.0141274399815,0.425457227145,0.160871976399,0.0133545104319
45.8482375139,12.1885099714,0.169110555739,0.0138745881274,0.422776389349,0.161622610982,0.0132602435705
46.7023438833,12.3324912862,0.168044558893,0.0136261648189,0.420111397234,0.162368808775,0.0131659374417
47.5723613919,12.4782301474,0.166984872948,0.0133820959363,0.417462182371,0.163110588936,0.013071612481
48.4585864482,12.625747651,0.165931470398,0.0131423084783,0.414828675996,0.163847970721,0.0129772885733
49.3613209824,12.7750651483,0.164884323613,0.0129067305488,0.412210809032,0.164580973471,0.0128829850619
50.2808725494,12.9262042488,0.163843404841,0.0126752913452,0.409608512104,0.165309616611,0.0127887207589
51.2175544336,13.0791868233,0.162808686223,0.0124479211455,0.407021715558,0.166033919644,0.0126945139547
52.1716857555,13.234035007,0.161780139793,0.0122245512957,0.404450349482,0.166753902145,0.0126003824274
53.1435915805,13.390771203,0.160757737487,0.0120051141977,0.401894343718,0.167469583759,0.0125063434526
54.1336030297,13.5494180851,0.159741451154,0.0117895432963,0.399353627885,0.168180984192,0.0124124138126
55.1420573924,13.7099986015,0.158731252556,0.0115777730669,0.396828131389,0.168888123211,0.0123186098059
56.1692982416,13.8725359777,0.157727113378,0.0113697390031,0.394317783445,0.169591020635,0.0122249472561
57.2156755506,14.0370537202,0.156729005235,0.0111653776041,0.391822513088,0.170289696335,0.0121314415211
58.2815458123,14.2035756197,0.155736899676,0.0109646263621,0.389342249191,0.170984170226,0.0120381075022
59.3672721607,14.3721257546,0.154750768192,0.0107674237502,0.386876920479,0.171674462266,0.0119449596529
60.4732244946,14.5427284944,0.153770582218,0.0105737092099,0.384426455545,0.172360592447,0.0118520119876
61.5997796038,14.7154085032,0.152796313144,0.0103834231385,0.38199078286,0.173042580799,0.0117592780901
62.7473212971,14.8901907435,0.151827932316,0.0101965068771,0.379569830791,0.173720447378,0.0116667711228
63.9162405334,15.0671004794,0.150865411046,0.0100129026983,0.377163527614,0.174394212268,0.0115745038341
65.1069355548,15.2461632807,0.14990872061,0.00983255379401,0.374771801525,0.175063895573,0.0114824885677
66.3198120221,15.4274050262,0.148957832261,0.00965540426326,0.372394580653,0.175729517417,0.0113907372703
67.5552831533,15.6108519077,0.14801271723,0.00948139910014,0.370031793075,0.176391097939,0.0112992614998
68.8137698642,15.7965304334,0.147073346729,0.00931048418191,0.367683366823,0.177048657289,0.0112080724331
70.0957009117,15.9844674323,0.146139691961,0.00914260625699,0.365349229903,0.177702215627,0.0111171808745
71.4015130401,16.1746900576,0.14521172412,0.00897771293315,0.3630293103,0.178351793116,0.0110265972628
72.73165113,16.3672257908,0.144289414396,0.00881575266576,0.36072353599,0.178997409923,0.0109363316796
74.0865683494,16.5621024455,0.143372733982,0.00865667474608,0.358431834955,0.179639086213,0.0108463938563
75.4667263084,16.7593481718,0.142461654076,0.0085004292897,0.356154135189,0.180276842147,0.0107567931819
76.8725952166,16.9589914598,0.141556145884,0.00834696722501,0.353890364711,0.180910697881,0.0106675387101
78.304654043,17.1610611442,0.140656180629,0.00819624028178,0.351640451571,0.18154067356,0.0105786391665
79.7633906793,17.3655864083,0.139761729547,0.00804820097984,0.349404323867,0.182166789317,0.0104901029562
81.2493021061,17.572596788,0.138872763898,0.00790280261784,0.347181909746,0.182789065271,0.0104019381698
82.7628945625,17.7821221762,0.137989254967,0.00775999926215,0.344973137417,0.183407521523,0.0103141525913
84.3046837179,17.9941928274,0.137111174065,0.00761974573576,0.342777935163,0.184022178154,0.0102267537044
85.8751948485,18.2088393615,0.136238492537,0.00748199760742,0.340596231342,0.184633055224,0.0101397486989
87.4749630155,18.4260927687,0.135371181761,0.00734671118072,0.338427954402,0.185240172768,0.0100531444779
89.1045332482,18.6459844136,0.134509213154,0.00721384348343,0.336273032886,0.185843550792,0.00996694766386
90.7644607289,18.8685460402,0.133652558177,0.00708335225682,0.334131395441,0.186443209276,0.00988116460482
92.4553109823,19.0938097757,0.13280118833,0.00695519594518,0.332002970825,0.187039168169,0.00979580138099
94.1776600687,19.321808136,0.131955075165,0.00682933368535,0.329887687913,0.187631447384,0.00971086381066
95.9320947794,19.5525740298,0.131114190283,0.00670572529645,0.327785475707,0.188220066802,0.00962635745631
97.7192128372,19.7861407637,0.130278505336,0.00658433126966,0.32569626334,0.188805046265,0.00954228763052
99.5396230998,20.0225420465,0.129447992035,0.00646511275813,0.323619980087,0.189386405576,0.0094586594018
101.393945768,20.2618119946,0.128622622146,0.00634803156698,0.321556555365,0.189964164498,0.00937547760033
103.282812594,20.5039851368,0.127802367498,0.00623305014346,0.319505918746,0.190538342751,0.0092927468236
105.206867102,20.7490964189,0.126987199983,0.00612013156714,0.317467999958,0.191108960012,0.00921047144189
107.166764803,20.9971812093,0.126177091557,0.00600923954028,0.315442728894,0.19167603591,0.00912865560377
109.163173419,21.2482753036,0.125372014246,0.00590033837829,0.313430035615,0.192239590028,0.00904730324139
111.196773112,21.5024149299,0.124571940144,0.00579339300027,0.311429850359,0.192799641899,0.00896641807574
113.268256714,21.7596367543,0.123776841418,0.00568836891972,0.309442103544,0.193356211008,0.00888600362179
115.378329963,22.0199778859,0.122986690309,0.0055852322353,0.307466725773,0.193909316784,0.00880606319354
117.527711746,22.2834758821,0.122201459135,0.00548394962177,0.305503647838,0.194458978605,0.00872659990901
119.717134342,22.5501687542,0.121421120292,0.00538448832093,0.303552800731,0.195005215795,0.00864761669505
121.94734367,22.8200949729,0.120645646255,0.00528681613282,0.301614115638,0.195548047621,0.00856911629219
124.219099545,23.0932934735,0.119875009581,0.0051909014069,0.299687523953,0.196087493293,0.00849110125926
126.533175939,23.3698036619,0.119109182912,0.00509671303341,0.297772957279,0.196623571962,0.00841357397806
128.890361239,23.6496654201,0.118348138972,0.00500422043483,0.29587034743,0.19715630272,0.00833653665782
131.291458521,23.932919112,0.117591850575,0.00491339355742,0.293979626437,0.197685704598,0.00825999133966
133.737285821,24.2196055891,0.116840290622,0.00482420286291,0.292100726554,0.198211796565,0.00818393990091
136.228676414,24.5097661966,0.116093432102,0.00473661932028,0.290233580256,0.198734597528,0.00810838405942
138.766479098,24.8034427791,0.115351248099,0.00465061439763,0.288378120248,0.199254126331,0.00803332537767
141.351558484,25.1006776867,0.114613711786,0.0045661600542,0.286534279466,0.19977040175,0.00795876526693
143.984795288,25.4015137815,0.113880796432,0.00448322873244,0.284701991081,0.200283442497,0.00788470499122
146.667086634,25.7059944429,0.113152475401,0.00440179335026,0.282881188502,0.20079326722,0.00781114567132
149.399346361,26.0141635748,0.112428722151,0.00432182729333,0.281071805377,0.201299894494,0.00773808828855
152.182505326,26.3260656113,0.11170951024,0.00424330440748,0.2792737756,0.201803342832,0.00766553368861
155.017511734,26.6417455233,0.110994813324,0.00416619899124,0.27748703331,0.202303630673,0.00759348258528
157.905331447,26.9612488251,0.110284605159,0.00409048578848,0.275711512898,0.202800776389,0.00752193556404
160.846948327,27.2846215807,0.109578859601,0.00401613998114,0.273947149002,0.20329479828,0.00745089308562
163.843364558,27.6119104106,0.108877550607,0.00394313718204,0.272193876518,0.203785714575,0.00738035548952
166.895600998,27.9431624985,0.108180652239,0.00387145342783,0.270451630598,0.204273543433,0.0073103229974
170.004697521,28.278425598,0.10748813866,0.00380106517203,0.268720346651,0.204758302938,0.00724079571645
173.171713372,28.6177480396,0.10679998414,0.00373194927818,0.266999960349,0.205240011102,0.00717177364264
176.397727531,28.9611787377,0.106116163051,0.00366408301304,0.265290407626,0.205718685865,0.00710325666395
179.683839077,29.3087671975,0.105436649872,0.00359744403994,0.263591624681,0.206194345089,0.00703524456351
183.031167562,29.660563522,0.104761419192,0.00353201041221,0.261903547979,0.206667006566,0.00696773702268
186.440853397,30.0166184197,0.104090445702,0.00346776056671,0.260226114254,0.207136688009,0.00690073362404
189.914058236,30.3769832114,0.103423704204,0.00340467331744,0.25855926051,0.207603407057,0.00683423385438
193.451965374,30.7417098379,0.102761169609,0.00334272784926,0.256902924022,0.208067181274,0.00676823710753
197.05578015,31.1108508673,0.102102816936,0.00328190371171,0.255257042339,0.208528028145,0.00670274268726
200.726730356,31.4844595026,0.101448621313,0.00322218081289,0.253621553284,0.208985965081,0.00663774980997
204.466066658,31.8625895897,0.100798557982,0.00316353941346,0.251996394954,0.209441009413,0.00657325760744
208.275063019,32.2452956244,0.10015260229,0.00310596012073,0.250381505726,0.209893178397,0.00650926512945
212.155017136,32.6326327611,0.0995107297012,0.00304942388283,0.248776824253,0.210342489209,0.00644577134641
216.107250881,33.0246568201,0.0988729157869,0.00299391198296,0.247182289467,0.210788958949,0.00638277515183
220.133110749,33.4214242961,0.0982391362327,0.00293940603376,0.245597840582,0.211232604637,0.00632027536486
224.233968322,33.8229923659,0.0976093668358,0.00288588797171,0.24402341709,0.211673443215,0.00625827073267
228.41122073,34.229418897,0.0969835835066,0.00283334005168,0.242458958767,0.212111491545,0.00619675993284
232.666291133,34.6407624558,0.0963617622682,0.00278174484153,0.240904405671,0.212546766412,0.00613574157565
237.000629201,35.0570823159,0.0957438792572,0.0027310852168,0.239359698143,0.21297928452,0.00607521420638
241.41571161,35.4784384669,0.0951299107236,0.00268134435546,0.237824776809,0.213409062493,0.00601517630751
245.913042547,35.9048916228,0.0945198330315,0.00263250573277,0.236299582579,0.213836116878,0.00595562630085
250.494154217,36.3365032308,0.0939136226587,0.00258455311624,0.234784056647,0.214260464139,0.00589656254972
255.160607373,36.7733354804,0.0933112561975,0.00253747056062,0.233278140494,0.214682120662,0.00583798336096
259.913991838,37.2154513119,0.0927127103544,0.00249124240299,0.231781775886,0.215101102752,0.00577988698697
264.755927057,37.6629144258,0.0921179619506,0.00244585325791,0.230294904876,0.215517426635,0.00572227162769
269.688062639,38.1157892918,0.0915269879216,0.00240128801271,0.228817469804,0.215931108455,0.0056651354325
274.712078927,38.5741411584,0.0909397653179,0.0023575318228,0.227349413295,0.216342164277,0.00560847650216
279.829687566,39.0380360617,0.0903562713047,0.00231457010701,0.225890678262,0.216750610087,0.00555229289056
285.042632085,39.5075408355,0.0897764831622,0.00227238854314,0.224441207906,0.217156461786,0.00549658260661
290.352688498,39.9827231207,0.0892003782854,0.00223097306344,0.223000945713,0.2175597352,0.00544134361593
295.761665899,40.4636513749,0.0886279341841,0.00219030985026,0.22156983546,0.217960446071,0.00538657384258
301.271407088,40.9503948824,0.0880591284831,0.00215038533172,0.220147821208,0.218358610062,0.00533227117074
306.883789192,41.4430237642,0.0874939389223,0.00211118617744,0.218734847306,0.218754242754,0.00527843344634
312.600724307,41.941608988,0.0869323433562,0.00207269929442,0.21733085839,0.219147359651,0.00522505847864
318.42416015,42.4462223785,0.0863743197542,0.00203491182287,0.215935799386,0.219537976172,0.0051721440418
324.356080724,42.9569366278,0.0858198462005,0.0019978111322,0.214549615501,0.21992610766,0.00511968787637
330.398506987,43.4738253057,0.0852689008939,0.00196138481706,0.213172252235,0.220311769374,0.00506768769082
336.553497551,43.9969628702,0.0847214621478,0.00192562069336,0.21180365537,0.220694976497,0.00501614116292
342.823149373,44.5264246786,0.0841775083901,0.00189050679451,0.210443770975,0.221075744127,0.0049650459412
349.209598479,45.0622869982,0.083637018163,0.00185603136757,0.209092545407,0.221454087286,0.00491439964631
355.715020682,45.604627017,0.0830999701228,0.00182218286956,0.207749925307,0.221830020914,0.00486419987234
362.341632332,46.1535228551,0.0825663430399,0.00178894996378,0.2064158576,0.222203559872,0.00481444418814
369.091691066,46.709053576,0.0820361157986,0.00175632151624,0.205090289497,0.222574718941,0.00476513013861
375.967496579,47.2712991978,0.0815092673969,0.00172428659208,0.203773168492,0.222943512822,0.0047162552459
382.971391405,47.8403407047,0.0809857769463,0.00169283445212,0.202464442366,0.223309956138,0.00466781701067
390.105761719,48.4162600588,0.0804656236714,0.00166195454944,0.201164059178,0.22367406343,0.00461981291324
397.373038149,48.9991402118,0.0799487869101,0.00163163652596,0.199871967275,0.224035849163,0.00457224041472
404.7756966,49.5890651171,0.0794352461132,0.0016018702092,0.198588115283,0.224395327721,0.00452509695819
412.316259103,50.1861197417,0.0789249808438,0.00157264560898,0.19731245211,0.224752513409,0.00447837996972
419.997294672,50.7903900786,0.0784179707777,0.00154395291425,0.196044926944,0.225107420456,0.00443208685949
427.821420177,51.4019631587,0.0779141957027,0.0015157824899,0.194785489257,0.225460063008,0.0043862150228
435.79130124,52.0209270643,0.0774136355185,0.00148812487372,0.193534088796,0.225810455137,0.00434076184105
443.909653139,52.6473709408,0.0769162702361,0.00146097077331,0.19229067559,0.226158610835,0.0042957246828
452.179241737,53.2813850099,0.0764220799781,0.00143431106312,0.191055199945,0.226504544015,0.00425110090462
460.60288442,53.923060583,0.0759310449781,0.0014081367815,0.189827612445,0.226848268515,0.00420688785211
469.183451061,54.5724900735,0.0754431455802,0.00138243912782,0.18860786395,0.227189798094,0.00416308286076
477.923864994,55.2297670108,0.0749583622389,0.00135720945961,0.187395905597,0.227529146433,0.00411968325682
486.827104012,55.8949860536,0.0744766755189,0.00133243928977,0.186191688797,0.227866327137,0.0040766863582
495.896201384,56.5682430034,0.0739980660947,0.00130812028385,0.184995165237,0.228201353734,0.00403408947526
505.134246882,57.2496348182,0.07352251475,0.00128424425734,0.183806286875,0.228534239675,0.00399188991163
514.544387839,57.9392596268,0.0730500023776,0.00126080317298,0.182625005944,0.228864998336,0.00395008496501
524.129830221,58.6372167426,0.0725805099792,0.00123778913822,0.181451274948,0.229193643015,0.00390867192794
533.893839715,59.3436066782,0.0721140186647,0.00121519440259,0.180285046662,0.229520186935,0.00386764808852
543.839742846,60.0585311596,0.0716505096523,0.00119301135524,0.179126274131,0.229844643243,0.00382701073112
553.970928111,60.782093141,0.0711899642674,0.00117123252242,0.177974910668,0.230167025013,0.00378675713716
564.290847126,61.5143968194,0.070732363943,0.00114985056508,0.176830909858,0.23048734524,0.00374688458568
574.803015813,62.25554765,0.0702776902191,0.00112885827644,0.175694225548,0.230805616847,0.0037073903541
585.511015587,63.0056523611,0.069825924742,0.0011082485797,0.174564811855,0.231121852681,0.0036682717188
596.418494584,63.7648189693,0.0693770492641,0.00108801452565,0.17344262316,0.231436065515,0.00362952595578
607.529168902,64.5331567957,0.0689310456439,0.00106814929048,0.17232761411,0.231748268049,0.00359115034126
618.846823862,65.3107764807,0.0684878958449,0.0010486461735,0.171219739612,0.232058472909,0.00355314215223
630.375315307,66.0977900008,0.0680475819357,0.00102949859496,0.170118954839,0.232366692645,0.00351549866708
642.118570906,66.8943106843,0.0676100860896,0.00101070009389,0.169025215224,0.232672939737,0.00347821716611
654.0805915,67.7004532275,0.0671753905838,0.000992244326018,0.167938476459,0.232977226591,0.00344129493208
666.265452458,68.5163337114,0.0667434777994,0.000974125061631,0.166858694498,0.23327956554,0.00340472925073
678.677305072,69.3420696187,0.0663143302208,0.000956336183582,0.165785825552,0.233579968845,0.00336851741129
691.320377968,70.17777985,0.0658879304353,0.000938871685256,0.164719826088,0.233878448695,0.00333265670694
704.198978545,71.0235847415,0.0654642611327,0.000921725668607,0.163660652832,0.234175017207,0.00329714443532
717.317494447,71.8796060822,0.0650433051048,0.00090489234221,0.162608262762,0.234469686427,0.00326197789897
730.680395053,72.7459671312,0.0646250452452,0.000888366019364,0.161562613113,0.234762468328,0.00322715440575
744.292233004,73.6227926359,0.0642094645485,0.000872141116217,0.160523661371,0.235053374816,0.00319267126932
758.157645752,74.5102088493,0.0637965461101,0.000856212149923,0.159491365275,0.235342417723,0.00315852580951
772.281357139,75.4083435489,0.0633862731259,0.000840573736841,0.158465682815,0.235629608812,0.00312471535274
786.668179007,76.3173260545,0.0629786288916,0.000825220590756,0.157446572229,0.235914959776,0.00309123723239
801.32301284,77.2372872472,0.0625735968024,0.000810147521133,0.156433992006,0.236198482238,0.00305808878919
816.250851429,78.168359588,0.0621711603523,0.000795349431406,0.155427900881,0.236480187753,0.0030252673716
831.456780577,79.1106771372,0.0617713031342,0.000780821317293,0.154428257835,0.236760087806,0.00299277033612
846.945980831,80.064375573,0.0613740088389,0.000766558265142,0.153435022097,0.237038193813,0.00296059504763
862.723729246,81.0295922121,0.060979261255,0.000752555450303,0.152448153137,0.237314517122,0.00292873887975
878.795401182,82.0064660283,0.0605870442682,0.000738808135535,0.151467610671,0.237589069012,0.00289719921512
895.166472138,82.9951376735,0.0601973418612,0.000725311669437,0.150493354653,0.237861860697,0.00286597344573
911.842519615,83.9957494974,0.0598101381127,0.000712061484904,0.149525345282,0.238132903321,0.00283505897318
928.829225017,85.0084455679,0.0594254171975,0.000699053097614,0.148563542994,0.238402207962,0.00280445320896
946.132375589,86.0333716923,0.0590431633859,0.000686282104543,0.147607908465,0.23866978563,0.00277415357477
963.757866384,87.070675438,0.0586633610429,0.000673744182503,0.146658402607,0.23893564727,0.00274415750272
981.711702275,88.1205061536,0.0582859946282,0.000661435086705,0.14571498657,0.23919980376,0.0027144624356
1000,89.1830149909,0.0579110486954,0.000649350649351,0.144777621739,0.239462265913,0.00268506582714
